Exp A reference: λ*=1.5000 val*=2.5332 λ0=2.6390

======== exp_a_ablation_plain_t0 | device=cuda ========
note: Exp A control: plain FROGNet + t0
pulses: T=100.0 spikes=30 σ_spike=2.5 σ_tc=5.73 canon=t0 frog=plain
trace_scale = 8.1582

--- plain_t0 lam = 0.0000 (1/5) ---
  lam=0.0000  epoch 001/200  train_loss=4.69178  val_L1@15dB=3.87527
  lam=0.0000  epoch 002/200  train_loss=3.93984  val_L1@15dB=3.73090
  lam=0.0000  epoch 003/200  train_loss=3.81878  val_L1@15dB=3.60904
  lam=0.0000  epoch 004/200  train_loss=3.53107  val_L1@15dB=3.11101
  lam=0.0000  epoch 005/200  train_loss=3.18777  val_L1@15dB=3.01437
  lam=0.0000  epoch 006/200  train_loss=3.15766  val_L1@15dB=3.04239
  lam=0.0000  epoch 007/200  train_loss=3.11780  val_L1@15dB=2.92439
  lam=0.0000  epoch 008/200  train_loss=3.05497  val_L1@15dB=2.89675
  lam=0.0000  epoch 009/200  train_loss=2.97954  val_L1@15dB=2.85476
  lam=0.0000  epoch 010/200  train_loss=2.92900  val_L1@15dB=2.82409
  lam=0.0000  epoch 011/200  train_loss=2.88524  val_L1@15dB=2.74731
  lam=0.0000  epoch 012/200  train_loss=2.85673  val_L1@15dB=2.74164
  lam=0.0000  epoch 013/200  train_loss=2.82842  val_L1@15dB=2.79715
  lam=0.0000  epoch 014/200  train_loss=2.82371  val_L1@15dB=2.72650
  lam=0.0000  epoch 015/200  train_loss=2.75513  val_L1@15dB=2.69153
  lam=0.0000  epoch 016/200  train_loss=2.73879  val_L1@15dB=2.75692
  lam=0.0000  epoch 017/200  train_loss=2.71384  val_L1@15dB=2.70490
  lam=0.0000  epoch 018/200  train_loss=2.66172  val_L1@15dB=2.66423
  lam=0.0000  epoch 019/200  train_loss=2.65376  val_L1@15dB=2.68055
  lam=0.0000  epoch 020/200  train_loss=2.62746  val_L1@15dB=2.64594
  lam=0.0000  epoch 021/200  train_loss=2.58780  val_L1@15dB=2.67592
  lam=0.0000  epoch 022/200  train_loss=2.55358  val_L1@15dB=2.67535
  lam=0.0000  epoch 023/200  train_loss=2.52272  val_L1@15dB=2.69577
  lam=0.0000  epoch 024/200  train_loss=2.50219  val_L1@15dB=2.67930
  lam=0.0000  epoch 025/200  train_loss=2.46529  val_L1@15dB=2.64821
  lam=0.0000  epoch 026/200  train_loss=2.45284  val_L1@15dB=2.68238
  lam=0.0000  epoch 027/200  train_loss=2.39494  val_L1@15dB=2.68833
  lam=0.0000  epoch 028/200  train_loss=2.35952  val_L1@15dB=2.63038
  lam=0.0000  epoch 029/200  train_loss=2.34368  val_L1@15dB=2.65626
  lam=0.0000  epoch 030/200  train_loss=2.31893  val_L1@15dB=2.69290
  lam=0.0000  epoch 031/200  train_loss=2.25460  val_L1@15dB=2.66724
  lam=0.0000  epoch 032/200  train_loss=2.24190  val_L1@15dB=2.62509
  lam=0.0000  epoch 033/200  train_loss=2.20805  val_L1@15dB=2.64352
  lam=0.0000  epoch 034/200  train_loss=2.18501  val_L1@15dB=2.73380
  lam=0.0000  epoch 035/200  train_loss=2.13232  val_L1@15dB=2.70744
  lam=0.0000  epoch 036/200  train_loss=2.10679  val_L1@15dB=2.73294
  lam=0.0000  epoch 037/200  train_loss=2.04731  val_L1@15dB=2.76726
  lam=0.0000  epoch 038/200  train_loss=1.98404  val_L1@15dB=2.70890
  lam=0.0000  epoch 039/200  train_loss=1.99072  val_L1@15dB=2.67209
  lam=0.0000  epoch 040/200  train_loss=1.89816  val_L1@15dB=2.71682
  lam=0.0000  epoch 041/200  train_loss=1.91745  val_L1@15dB=2.69817
  lam=0.0000  epoch 042/200  train_loss=1.82448  val_L1@15dB=2.73956
  lam=0.0000  epoch 043/200  train_loss=1.78037  val_L1@15dB=2.74626
  lam=0.0000  epoch 044/200  train_loss=1.77285  val_L1@15dB=2.80443
  lam=0.0000  epoch 045/200  train_loss=1.73908  val_L1@15dB=2.74261
  lam=0.0000  epoch 046/200  train_loss=1.66220  val_L1@15dB=2.76585
  lam=0.0000  epoch 047/200  train_loss=1.65908  val_L1@15dB=2.74305
  lam=0.0000  epoch 048/200  train_loss=1.60378  val_L1@15dB=2.79118
  lam=0.0000  epoch 049/200  train_loss=1.59070  val_L1@15dB=2.77043
  lam=0.0000  epoch 050/200  train_loss=1.59497  val_L1@15dB=2.85100
  lam=0.0000  epoch 051/200  train_loss=1.51330  val_L1@15dB=2.75606
  lam=0.0000  epoch 052/200  train_loss=1.50726  val_L1@15dB=2.78393
  lam=0.0000  epoch 053/200  train_loss=1.48329  val_L1@15dB=2.83608
  lam=0.0000  epoch 054/200  train_loss=1.49511  val_L1@15dB=2.79806
  lam=0.0000  epoch 055/200  train_loss=1.46827  val_L1@15dB=2.77358
  lam=0.0000  epoch 056/200  train_loss=1.39585  val_L1@15dB=2.77140
  lam=0.0000  epoch 057/200  train_loss=1.37533  val_L1@15dB=2.79370
  early stop: no val improvement for 25 epochs; stopped at epoch 57, best epoch 32
  lam=0.0000  best_ep=32  best_val=2.62509  wall=107.3s

--- plain_t0 lam = 0.7500 (2/5) ---
  lam=0.7500  epoch 001/200  train_loss=9.08128  val_L1@15dB=4.01002
  lam=0.7500  epoch 002/200  train_loss=7.80827  val_L1@15dB=3.78264
  lam=0.7500  epoch 003/200  train_loss=6.82133  val_L1@15dB=3.32507
  lam=0.7500  epoch 004/200  train_loss=6.14422  val_L1@15dB=3.18557
  lam=0.7500  epoch 005/200  train_loss=5.87256  val_L1@15dB=3.13872
  lam=0.7500  epoch 006/200  train_loss=5.54646  val_L1@15dB=3.07151
  lam=0.7500  epoch 007/200  train_loss=5.41030  val_L1@15dB=3.00021
  lam=0.7500  epoch 008/200  train_loss=5.17597  val_L1@15dB=2.94652
  lam=0.7500  epoch 009/200  train_loss=5.02983  val_L1@15dB=2.98952
  lam=0.7500  epoch 010/200  train_loss=4.90318  val_L1@15dB=2.90917
  lam=0.7500  epoch 011/200  train_loss=4.74879  val_L1@15dB=2.91654
  lam=0.7500  epoch 012/200  train_loss=4.61402  val_L1@15dB=2.89583
  lam=0.7500  epoch 013/200  train_loss=4.58679  val_L1@15dB=2.84493
  lam=0.7500  epoch 014/200  train_loss=4.44357  val_L1@15dB=2.85659
  lam=0.7500  epoch 015/200  train_loss=4.42159  val_L1@15dB=2.81817
  lam=0.7500  epoch 016/200  train_loss=4.33977  val_L1@15dB=2.75695
  lam=0.7500  epoch 017/200  train_loss=4.35326  val_L1@15dB=2.78386
  lam=0.7500  epoch 018/200  train_loss=4.21665  val_L1@15dB=2.75748
  lam=0.7500  epoch 019/200  train_loss=4.18032  val_L1@15dB=2.74009
  lam=0.7500  epoch 020/200  train_loss=4.10925  val_L1@15dB=2.72281
  lam=0.7500  epoch 021/200  train_loss=4.07413  val_L1@15dB=2.70829
  lam=0.7500  epoch 022/200  train_loss=3.98904  val_L1@15dB=2.70803
  lam=0.7500  epoch 023/200  train_loss=3.93143  val_L1@15dB=2.70289
  lam=0.7500  epoch 024/200  train_loss=3.96949  val_L1@15dB=2.68252
  lam=0.7500  epoch 025/200  train_loss=3.85169  val_L1@15dB=2.71066
  lam=0.7500  epoch 026/200  train_loss=3.82028  val_L1@15dB=2.66268
  lam=0.7500  epoch 027/200  train_loss=3.77999  val_L1@15dB=2.69102
  lam=0.7500  epoch 028/200  train_loss=3.74613  val_L1@15dB=2.63917
  lam=0.7500  epoch 029/200  train_loss=3.71368  val_L1@15dB=2.62782
  lam=0.7500  epoch 030/200  train_loss=3.67411  val_L1@15dB=2.64264
  lam=0.7500  epoch 031/200  train_loss=3.67073  val_L1@15dB=2.61910
  lam=0.7500  epoch 032/200  train_loss=3.60019  val_L1@15dB=2.58439
  lam=0.7500  epoch 033/200  train_loss=3.59677  val_L1@15dB=2.68561
  lam=0.7500  epoch 034/200  train_loss=3.55982  val_L1@15dB=2.60333
  lam=0.7500  epoch 035/200  train_loss=3.53200  val_L1@15dB=2.60610
  lam=0.7500  epoch 036/200  train_loss=3.52623  val_L1@15dB=2.62517
  lam=0.7500  epoch 037/200  train_loss=3.43301  val_L1@15dB=2.57778
  lam=0.7500  epoch 038/200  train_loss=3.42694  val_L1@15dB=2.60292
  lam=0.7500  epoch 039/200  train_loss=3.39647  val_L1@15dB=2.59523
  lam=0.7500  epoch 040/200  train_loss=3.41156  val_L1@15dB=2.61264
  lam=0.7500  epoch 041/200  train_loss=3.36149  val_L1@15dB=2.59274
  lam=0.7500  epoch 042/200  train_loss=3.39253  val_L1@15dB=2.61229
  lam=0.7500  epoch 043/200  train_loss=3.31719  val_L1@15dB=2.57805
  lam=0.7500  epoch 044/200  train_loss=3.30543  val_L1@15dB=2.62366
  lam=0.7500  epoch 045/200  train_loss=3.41403  val_L1@15dB=2.59417
  lam=0.7500  epoch 046/200  train_loss=3.29925  val_L1@15dB=2.60725
  lam=0.7500  epoch 047/200  train_loss=3.25417  val_L1@15dB=2.60975
  lam=0.7500  epoch 048/200  train_loss=3.23346  val_L1@15dB=2.60953
  lam=0.7500  epoch 049/200  train_loss=3.12041  val_L1@15dB=2.60256
  lam=0.7500  epoch 050/200  train_loss=3.13832  val_L1@15dB=2.59348
  lam=0.7500  epoch 051/200  train_loss=3.08250  val_L1@15dB=2.59216
  lam=0.7500  epoch 052/200  train_loss=3.10868  val_L1@15dB=2.62738
  lam=0.7500  epoch 053/200  train_loss=3.08852  val_L1@15dB=2.57223
  lam=0.7500  epoch 054/200  train_loss=3.10208  val_L1@15dB=2.61105
  lam=0.7500  epoch 055/200  train_loss=3.08262  val_L1@15dB=2.59105
  lam=0.7500  epoch 056/200  train_loss=3.03421  val_L1@15dB=2.58740
  lam=0.7500  epoch 057/200  train_loss=3.01873  val_L1@15dB=2.57257
  lam=0.7500  epoch 058/200  train_loss=2.98782  val_L1@15dB=2.60721
  lam=0.7500  epoch 059/200  train_loss=2.97312  val_L1@15dB=2.57904
  lam=0.7500  epoch 060/200  train_loss=3.01440  val_L1@15dB=2.59699
  lam=0.7500  epoch 061/200  train_loss=2.84503  val_L1@15dB=2.61140
  lam=0.7500  epoch 062/200  train_loss=2.89221  val_L1@15dB=2.61177
  lam=0.7500  epoch 063/200  train_loss=2.84481  val_L1@15dB=2.59967
  lam=0.7500  epoch 064/200  train_loss=2.88823  val_L1@15dB=2.61199
  lam=0.7500  epoch 065/200  train_loss=2.82106  val_L1@15dB=2.60074
  lam=0.7500  epoch 066/200  train_loss=2.84397  val_L1@15dB=2.61990
  lam=0.7500  epoch 067/200  train_loss=2.85382  val_L1@15dB=2.60523
  lam=0.7500  epoch 068/200  train_loss=2.86905  val_L1@15dB=2.63934
  lam=0.7500  epoch 069/200  train_loss=2.75468  val_L1@15dB=2.55780
  lam=0.7500  epoch 070/200  train_loss=2.80366  val_L1@15dB=2.61544
  lam=0.7500  epoch 071/200  train_loss=2.75743  val_L1@15dB=2.62451
  lam=0.7500  epoch 072/200  train_loss=2.74664  val_L1@15dB=2.58067
  lam=0.7500  epoch 073/200  train_loss=2.66661  val_L1@15dB=2.62125
  lam=0.7500  epoch 074/200  train_loss=2.65155  val_L1@15dB=2.62978
  lam=0.7500  epoch 075/200  train_loss=2.67132  val_L1@15dB=2.60137
  lam=0.7500  epoch 076/200  train_loss=2.66138  val_L1@15dB=2.65838
  lam=0.7500  epoch 077/200  train_loss=2.58623  val_L1@15dB=2.60442
  lam=0.7500  epoch 078/200  train_loss=2.64234  val_L1@15dB=2.60144
  lam=0.7500  epoch 079/200  train_loss=2.54391  val_L1@15dB=2.60557
  lam=0.7500  epoch 080/200  train_loss=2.58269  val_L1@15dB=2.66066
  lam=0.7500  epoch 081/200  train_loss=2.67878  val_L1@15dB=2.60510
  lam=0.7500  epoch 082/200  train_loss=2.62180  val_L1@15dB=2.58109
  lam=0.7500  epoch 083/200  train_loss=2.45688  val_L1@15dB=2.60152
  lam=0.7500  epoch 084/200  train_loss=2.47302  val_L1@15dB=2.60112
  lam=0.7500  epoch 085/200  train_loss=2.51823  val_L1@15dB=2.62725
  lam=0.7500  epoch 086/200  train_loss=2.46482  val_L1@15dB=2.62810
  lam=0.7500  epoch 087/200  train_loss=2.43736  val_L1@15dB=2.59586
  lam=0.7500  epoch 088/200  train_loss=2.45209  val_L1@15dB=2.62832
  lam=0.7500  epoch 089/200  train_loss=2.56701  val_L1@15dB=2.62084
  lam=0.7500  epoch 090/200  train_loss=2.52175  val_L1@15dB=2.66161
  lam=0.7500  epoch 091/200  train_loss=2.38759  val_L1@15dB=2.59576
  lam=0.7500  epoch 092/200  train_loss=2.43746  val_L1@15dB=2.64240
  lam=0.7500  epoch 093/200  train_loss=2.55092  val_L1@15dB=2.64248
  lam=0.7500  epoch 094/200  train_loss=2.45518  val_L1@15dB=2.64454
  early stop: no val improvement for 25 epochs; stopped at epoch 94, best epoch 69
  lam=0.7500  best_ep=69  best_val=2.55780  wall=223.8s

--- plain_t0 lam = 1.5000 (3/5) ---
  lam=1.5000  epoch 001/200  train_loss=14.63221  val_L1@15dB=4.33476
  lam=1.5000  epoch 002/200  train_loss=11.78862  val_L1@15dB=4.06121
  lam=1.5000  epoch 003/200  train_loss=11.04603  val_L1@15dB=3.77902
  lam=1.5000  epoch 004/200  train_loss=9.13301  val_L1@15dB=3.28871
  lam=1.5000  epoch 005/200  train_loss=8.23780  val_L1@15dB=3.23542
  lam=1.5000  epoch 006/200  train_loss=7.77206  val_L1@15dB=3.12607
  lam=1.5000  epoch 007/200  train_loss=7.24998  val_L1@15dB=3.01743
  lam=1.5000  epoch 008/200  train_loss=7.11458  val_L1@15dB=3.01888
  lam=1.5000  epoch 009/200  train_loss=6.98595  val_L1@15dB=3.02095
  lam=1.5000  epoch 010/200  train_loss=6.64182  val_L1@15dB=3.03088
  lam=1.5000  epoch 011/200  train_loss=6.40155  val_L1@15dB=2.95297
  lam=1.5000  epoch 012/200  train_loss=6.19930  val_L1@15dB=2.96983
  lam=1.5000  epoch 013/200  train_loss=6.14117  val_L1@15dB=2.93670
  lam=1.5000  epoch 014/200  train_loss=5.98554  val_L1@15dB=2.86767
  lam=1.5000  epoch 015/200  train_loss=5.82964  val_L1@15dB=2.87130
  lam=1.5000  epoch 016/200  train_loss=5.74406  val_L1@15dB=2.83754
  lam=1.5000  epoch 017/200  train_loss=5.82416  val_L1@15dB=2.89805
  lam=1.5000  epoch 018/200  train_loss=5.73911  val_L1@15dB=2.84173
  lam=1.5000  epoch 019/200  train_loss=5.53954  val_L1@15dB=2.82124
  lam=1.5000  epoch 020/200  train_loss=5.41435  val_L1@15dB=2.77353
  lam=1.5000  epoch 021/200  train_loss=5.35106  val_L1@15dB=2.82088
  lam=1.5000  epoch 022/200  train_loss=5.32296  val_L1@15dB=2.81142
  lam=1.5000  epoch 023/200  train_loss=5.19998  val_L1@15dB=2.80215
  lam=1.5000  epoch 024/200  train_loss=5.11432  val_L1@15dB=2.74567
  lam=1.5000  epoch 025/200  train_loss=5.07591  val_L1@15dB=2.71724
  lam=1.5000  epoch 026/200  train_loss=5.00710  val_L1@15dB=2.71574
  lam=1.5000  epoch 027/200  train_loss=4.88881  val_L1@15dB=2.72212
  lam=1.5000  epoch 028/200  train_loss=4.88335  val_L1@15dB=2.72742
  lam=1.5000  epoch 029/200  train_loss=4.83036  val_L1@15dB=2.71149
  lam=1.5000  epoch 030/200  train_loss=4.84092  val_L1@15dB=2.70064
  lam=1.5000  epoch 031/200  train_loss=4.70316  val_L1@15dB=2.72863
  lam=1.5000  epoch 032/200  train_loss=4.83036  val_L1@15dB=2.72347
  lam=1.5000  epoch 033/200  train_loss=4.76837  val_L1@15dB=2.67821
  lam=1.5000  epoch 034/200  train_loss=4.65971  val_L1@15dB=2.68467
  lam=1.5000  epoch 035/200  train_loss=4.63074  val_L1@15dB=2.68797
  lam=1.5000  epoch 036/200  train_loss=4.62447  val_L1@15dB=2.65861
  lam=1.5000  epoch 037/200  train_loss=4.52851  val_L1@15dB=2.65564
  lam=1.5000  epoch 038/200  train_loss=4.41433  val_L1@15dB=2.65016
  lam=1.5000  epoch 039/200  train_loss=4.70859  val_L1@15dB=2.65080
  lam=1.5000  epoch 040/200  train_loss=4.64665  val_L1@15dB=2.65393
  lam=1.5000  epoch 041/200  train_loss=4.44508  val_L1@15dB=2.64459
  lam=1.5000  epoch 042/200  train_loss=4.38246  val_L1@15dB=2.64526
  lam=1.5000  epoch 043/200  train_loss=4.32939  val_L1@15dB=2.66571
  lam=1.5000  epoch 044/200  train_loss=4.32404  val_L1@15dB=2.63966
  lam=1.5000  epoch 045/200  train_loss=4.24537  val_L1@15dB=2.65515
  lam=1.5000  epoch 046/200  train_loss=4.22706  val_L1@15dB=2.65875
  lam=1.5000  epoch 047/200  train_loss=4.24964  val_L1@15dB=2.61129
  lam=1.5000  epoch 048/200  train_loss=4.15350  val_L1@15dB=2.60461
  lam=1.5000  epoch 049/200  train_loss=4.30037  val_L1@15dB=2.64856
  lam=1.5000  epoch 050/200  train_loss=4.24831  val_L1@15dB=2.63104
  lam=1.5000  epoch 051/200  train_loss=4.12319  val_L1@15dB=2.64294
  lam=1.5000  epoch 052/200  train_loss=4.12345  val_L1@15dB=2.61611
  lam=1.5000  epoch 053/200  train_loss=4.12252  val_L1@15dB=2.65884
  lam=1.5000  epoch 054/200  train_loss=4.11308  val_L1@15dB=2.63676
  lam=1.5000  epoch 055/200  train_loss=4.05465  val_L1@15dB=2.63387
  lam=1.5000  epoch 056/200  train_loss=4.04091  val_L1@15dB=2.65769
  lam=1.5000  epoch 057/200  train_loss=4.16519  val_L1@15dB=2.66823
  lam=1.5000  epoch 058/200  train_loss=4.17770  val_L1@15dB=2.60889
  lam=1.5000  epoch 059/200  train_loss=3.94727  val_L1@15dB=2.62764
  lam=1.5000  epoch 060/200  train_loss=4.05115  val_L1@15dB=2.62543
  lam=1.5000  epoch 061/200  train_loss=3.93576  val_L1@15dB=2.65812
  lam=1.5000  epoch 062/200  train_loss=3.93326  val_L1@15dB=2.61768
  lam=1.5000  epoch 063/200  train_loss=3.90810  val_L1@15dB=2.60068
  lam=1.5000  epoch 064/200  train_loss=3.87453  val_L1@15dB=2.60032
  lam=1.5000  epoch 065/200  train_loss=3.90091  val_L1@15dB=2.65448
  lam=1.5000  epoch 066/200  train_loss=4.16985  val_L1@15dB=2.61421
  lam=1.5000  epoch 067/200  train_loss=3.89622  val_L1@15dB=2.62583
  lam=1.5000  epoch 068/200  train_loss=3.84270  val_L1@15dB=2.62531
  lam=1.5000  epoch 069/200  train_loss=3.84465  val_L1@15dB=2.58785
  lam=1.5000  epoch 070/200  train_loss=3.80868  val_L1@15dB=2.59328
  lam=1.5000  epoch 071/200  train_loss=3.74403  val_L1@15dB=2.59989
  lam=1.5000  epoch 072/200  train_loss=3.65977  val_L1@15dB=2.58404
  lam=1.5000  epoch 073/200  train_loss=3.93977  val_L1@15dB=2.62144
  lam=1.5000  epoch 074/200  train_loss=3.71125  val_L1@15dB=2.58930
  lam=1.5000  epoch 075/200  train_loss=3.69395  val_L1@15dB=2.62489
  lam=1.5000  epoch 076/200  train_loss=3.59947  val_L1@15dB=2.61111
  lam=1.5000  epoch 077/200  train_loss=3.64977  val_L1@15dB=2.61376
  lam=1.5000  epoch 078/200  train_loss=3.54956  val_L1@15dB=2.58273
  lam=1.5000  epoch 079/200  train_loss=3.47899  val_L1@15dB=2.60576
  lam=1.5000  epoch 080/200  train_loss=3.59755  val_L1@15dB=2.59476
  lam=1.5000  epoch 081/200  train_loss=3.54689  val_L1@15dB=2.61306
  lam=1.5000  epoch 082/200  train_loss=3.49838  val_L1@15dB=2.59691
  lam=1.5000  epoch 083/200  train_loss=3.54310  val_L1@15dB=2.59031
  lam=1.5000  epoch 084/200  train_loss=3.61249  val_L1@15dB=2.61451
  lam=1.5000  epoch 085/200  train_loss=3.65316  val_L1@15dB=2.62328
  lam=1.5000  epoch 086/200  train_loss=3.59986  val_L1@15dB=2.61384
  lam=1.5000  epoch 087/200  train_loss=3.65079  val_L1@15dB=2.59284
  lam=1.5000  epoch 088/200  train_loss=3.48543  val_L1@15dB=2.58556
  lam=1.5000  epoch 089/200  train_loss=3.51273  val_L1@15dB=2.58975
  lam=1.5000  epoch 090/200  train_loss=3.50776  val_L1@15dB=2.63234
  lam=1.5000  epoch 091/200  train_loss=3.50032  val_L1@15dB=2.60740
  lam=1.5000  epoch 092/200  train_loss=3.52339  val_L1@15dB=2.60078
  lam=1.5000  epoch 093/200  train_loss=3.36554  val_L1@15dB=2.60529
  lam=1.5000  epoch 094/200  train_loss=3.37109  val_L1@15dB=2.62636
  lam=1.5000  epoch 095/200  train_loss=3.36229  val_L1@15dB=2.59813
  lam=1.5000  epoch 096/200  train_loss=3.67451  val_L1@15dB=2.62260
  lam=1.5000  epoch 097/200  train_loss=3.53865  val_L1@15dB=2.67621
  lam=1.5000  epoch 098/200  train_loss=3.51562  val_L1@15dB=2.63764
  lam=1.5000  epoch 099/200  train_loss=3.30956  val_L1@15dB=2.58833
  lam=1.5000  epoch 100/200  train_loss=3.34130  val_L1@15dB=2.59076
  lam=1.5000  epoch 101/200  train_loss=3.35762  val_L1@15dB=2.57742
  lam=1.5000  epoch 102/200  train_loss=3.35341  val_L1@15dB=2.59887
  lam=1.5000  epoch 103/200  train_loss=3.22222  val_L1@15dB=2.60888
  lam=1.5000  epoch 104/200  train_loss=3.26725  val_L1@15dB=2.59841
  lam=1.5000  epoch 105/200  train_loss=3.20834  val_L1@15dB=2.60995
  lam=1.5000  epoch 106/200  train_loss=3.40866  val_L1@15dB=2.59405
  lam=1.5000  epoch 107/200  train_loss=3.18760  val_L1@15dB=2.61773
  lam=1.5000  epoch 108/200  train_loss=3.30384  val_L1@15dB=2.58414
  lam=1.5000  epoch 109/200  train_loss=3.28097  val_L1@15dB=2.62206
  lam=1.5000  epoch 110/200  train_loss=3.24436  val_L1@15dB=2.60281
  lam=1.5000  epoch 111/200  train_loss=3.26870  val_L1@15dB=2.59482
  lam=1.5000  epoch 112/200  train_loss=3.06126  val_L1@15dB=2.62778
  lam=1.5000  epoch 113/200  train_loss=3.17943  val_L1@15dB=2.61378
  lam=1.5000  epoch 114/200  train_loss=3.20137  val_L1@15dB=2.63161
  lam=1.5000  epoch 115/200  train_loss=3.12154  val_L1@15dB=2.58946
  lam=1.5000  epoch 116/200  train_loss=3.18489  val_L1@15dB=2.60106
  lam=1.5000  epoch 117/200  train_loss=3.04667  val_L1@15dB=2.60160
  lam=1.5000  epoch 118/200  train_loss=3.15334  val_L1@15dB=2.63884
  lam=1.5000  epoch 119/200  train_loss=3.09252  val_L1@15dB=2.61472
  lam=1.5000  epoch 120/200  train_loss=3.12563  val_L1@15dB=2.61303
  lam=1.5000  epoch 121/200  train_loss=3.14257  val_L1@15dB=2.59436
  lam=1.5000  epoch 122/200  train_loss=3.19603  val_L1@15dB=2.58954
  lam=1.5000  epoch 123/200  train_loss=3.11260  val_L1@15dB=2.57506
  lam=1.5000  epoch 124/200  train_loss=3.19967  val_L1@15dB=2.63108
  lam=1.5000  epoch 125/200  train_loss=3.01904  val_L1@15dB=2.59680
  lam=1.5000  epoch 126/200  train_loss=3.07287  val_L1@15dB=2.61992
  lam=1.5000  epoch 127/200  train_loss=3.10539  val_L1@15dB=2.60102
  lam=1.5000  epoch 128/200  train_loss=3.05194  val_L1@15dB=2.57918
  lam=1.5000  epoch 129/200  train_loss=3.06235  val_L1@15dB=2.60370
  lam=1.5000  epoch 130/200  train_loss=3.03724  val_L1@15dB=2.62851
  lam=1.5000  epoch 131/200  train_loss=3.11683  val_L1@15dB=2.62313
  lam=1.5000  epoch 132/200  train_loss=3.06756  val_L1@15dB=2.63744
  lam=1.5000  epoch 133/200  train_loss=3.00359  val_L1@15dB=2.62516
  lam=1.5000  epoch 134/200  train_loss=3.26190  val_L1@15dB=2.63485
  lam=1.5000  epoch 135/200  train_loss=2.99482  val_L1@15dB=2.59691
  lam=1.5000  epoch 136/200  train_loss=3.02043  val_L1@15dB=2.61480
  lam=1.5000  epoch 137/200  train_loss=2.95104  val_L1@15dB=2.62614
  lam=1.5000  epoch 138/200  train_loss=3.01319  val_L1@15dB=2.61547
  lam=1.5000  epoch 139/200  train_loss=2.89423  val_L1@15dB=2.58284
  lam=1.5000  epoch 140/200  train_loss=2.91507  val_L1@15dB=2.62236
  lam=1.5000  epoch 141/200  train_loss=2.83439  val_L1@15dB=2.58632
  lam=1.5000  epoch 142/200  train_loss=2.85886  val_L1@15dB=2.62724
  lam=1.5000  epoch 143/200  train_loss=2.92654  val_L1@15dB=2.63528
  lam=1.5000  epoch 144/200  train_loss=2.99665  val_L1@15dB=2.59823
  lam=1.5000  epoch 145/200  train_loss=2.90986  val_L1@15dB=2.62230
  lam=1.5000  epoch 146/200  train_loss=2.94080  val_L1@15dB=2.62465
  lam=1.5000  epoch 147/200  train_loss=2.99270  val_L1@15dB=2.59216
  lam=1.5000  epoch 148/200  train_loss=2.81457  val_L1@15dB=2.63502
  early stop: no val improvement for 25 epochs; stopped at epoch 148, best epoch 123
  lam=1.5000  best_ep=123  best_val=2.57506  wall=358.5s

--- plain_t0 lam = 2.2500 (4/5) ---
  lam=2.2500  epoch 001/200  train_loss=22.47409  val_L1@15dB=4.67652
  lam=2.2500  epoch 002/200  train_loss=16.76888  val_L1@15dB=4.32734
  lam=2.2500  epoch 003/200  train_loss=15.33567  val_L1@15dB=4.28510
  lam=2.2500  epoch 004/200  train_loss=13.62448  val_L1@15dB=3.81418
  lam=2.2500  epoch 005/200  train_loss=11.74137  val_L1@15dB=3.58252
  lam=2.2500  epoch 006/200  train_loss=10.88295  val_L1@15dB=3.40311
  lam=2.2500  epoch 007/200  train_loss=10.14555  val_L1@15dB=3.29021
  lam=2.2500  epoch 008/200  train_loss=9.78935  val_L1@15dB=3.23146
  lam=2.2500  epoch 009/200  train_loss=9.42782  val_L1@15dB=3.13280
  lam=2.2500  epoch 010/200  train_loss=8.89173  val_L1@15dB=3.10272
  lam=2.2500  epoch 011/200  train_loss=8.54450  val_L1@15dB=3.12092
  lam=2.2500  epoch 012/200  train_loss=8.56429  val_L1@15dB=3.08751
  lam=2.2500  epoch 013/200  train_loss=8.18364  val_L1@15dB=3.04489
  lam=2.2500  epoch 014/200  train_loss=8.16608  val_L1@15dB=3.07273
  lam=2.2500  epoch 015/200  train_loss=8.00120  val_L1@15dB=3.04537
  lam=2.2500  epoch 016/200  train_loss=7.73494  val_L1@15dB=2.99595
  lam=2.2500  epoch 017/200  train_loss=7.55025  val_L1@15dB=3.00846
  lam=2.2500  epoch 018/200  train_loss=7.36797  val_L1@15dB=2.96058
  lam=2.2500  epoch 019/200  train_loss=7.38671  val_L1@15dB=2.91534
  lam=2.2500  epoch 020/200  train_loss=7.34576  val_L1@15dB=2.98060
  lam=2.2500  epoch 021/200  train_loss=7.23363  val_L1@15dB=2.92174
  lam=2.2500  epoch 022/200  train_loss=7.20964  val_L1@15dB=2.90325
  lam=2.2500  epoch 023/200  train_loss=7.28963  val_L1@15dB=2.90581
  lam=2.2500  epoch 024/200  train_loss=7.16061  val_L1@15dB=2.89838
  lam=2.2500  epoch 025/200  train_loss=6.82952  val_L1@15dB=2.85115
  lam=2.2500  epoch 026/200  train_loss=6.80253  val_L1@15dB=2.83655
  lam=2.2500  epoch 027/200  train_loss=6.73157  val_L1@15dB=2.87077
  lam=2.2500  epoch 028/200  train_loss=6.59916  val_L1@15dB=2.85700
  lam=2.2500  epoch 029/200  train_loss=6.68805  val_L1@15dB=2.86482
  lam=2.2500  epoch 030/200  train_loss=6.59863  val_L1@15dB=2.81019
  lam=2.2500  epoch 031/200  train_loss=6.93411  val_L1@15dB=2.84789
  lam=2.2500  epoch 032/200  train_loss=6.58372  val_L1@15dB=2.80406
  lam=2.2500  epoch 033/200  train_loss=6.30696  val_L1@15dB=2.81357
  lam=2.2500  epoch 034/200  train_loss=6.25677  val_L1@15dB=2.79966
  lam=2.2500  epoch 035/200  train_loss=6.26955  val_L1@15dB=2.83425
  lam=2.2500  epoch 036/200  train_loss=6.16198  val_L1@15dB=2.77967
  lam=2.2500  epoch 037/200  train_loss=6.10492  val_L1@15dB=2.78443
  lam=2.2500  epoch 038/200  train_loss=6.25429  val_L1@15dB=2.78370
  lam=2.2500  epoch 039/200  train_loss=5.96926  val_L1@15dB=2.78095
  lam=2.2500  epoch 040/200  train_loss=5.98964  val_L1@15dB=2.77772
  lam=2.2500  epoch 041/200  train_loss=5.88148  val_L1@15dB=2.75310
  lam=2.2500  epoch 042/200  train_loss=5.87702  val_L1@15dB=2.75224
  lam=2.2500  epoch 043/200  train_loss=5.99067  val_L1@15dB=2.77401
  lam=2.2500  epoch 044/200  train_loss=5.73643  val_L1@15dB=2.75013
  lam=2.2500  epoch 045/200  train_loss=5.83725  val_L1@15dB=2.75009
  lam=2.2500  epoch 046/200  train_loss=6.21983  val_L1@15dB=2.77457
  lam=2.2500  epoch 047/200  train_loss=5.71471  val_L1@15dB=2.75755
  lam=2.2500  epoch 048/200  train_loss=6.13009  val_L1@15dB=2.80075
  lam=2.2500  epoch 049/200  train_loss=5.74087  val_L1@15dB=2.78208
  lam=2.2500  epoch 050/200  train_loss=5.51536  val_L1@15dB=2.73120
  lam=2.2500  epoch 051/200  train_loss=5.49102  val_L1@15dB=2.75074
  lam=2.2500  epoch 052/200  train_loss=5.52800  val_L1@15dB=2.73452
  lam=2.2500  epoch 053/200  train_loss=5.41192  val_L1@15dB=2.72021
  lam=2.2500  epoch 054/200  train_loss=5.42150  val_L1@15dB=2.70785
  lam=2.2500  epoch 055/200  train_loss=5.54489  val_L1@15dB=2.76147
  lam=2.2500  epoch 056/200  train_loss=5.40477  val_L1@15dB=2.71992
  lam=2.2500  epoch 057/200  train_loss=5.46351  val_L1@15dB=2.71469
  lam=2.2500  epoch 058/200  train_loss=5.44694  val_L1@15dB=2.73109
  lam=2.2500  epoch 059/200  train_loss=5.27734  val_L1@15dB=2.73655
  lam=2.2500  epoch 060/200  train_loss=5.43395  val_L1@15dB=2.76380
  lam=2.2500  epoch 061/200  train_loss=5.35164  val_L1@15dB=2.68719
  lam=2.2500  epoch 062/200  train_loss=5.28522  val_L1@15dB=2.69442
  lam=2.2500  epoch 063/200  train_loss=5.28760  val_L1@15dB=2.73100
  lam=2.2500  epoch 064/200  train_loss=5.12486  val_L1@15dB=2.70831
  lam=2.2500  epoch 065/200  train_loss=5.24435  val_L1@15dB=2.70307
  lam=2.2500  epoch 066/200  train_loss=5.32428  val_L1@15dB=2.73288
  lam=2.2500  epoch 067/200  train_loss=5.08588  val_L1@15dB=2.71249
  lam=2.2500  epoch 068/200  train_loss=5.22566  val_L1@15dB=2.73627
  lam=2.2500  epoch 069/200  train_loss=5.12739  val_L1@15dB=2.70735
  lam=2.2500  epoch 070/200  train_loss=5.13479  val_L1@15dB=2.75305
  lam=2.2500  epoch 071/200  train_loss=5.10376  val_L1@15dB=2.69448
  lam=2.2500  epoch 072/200  train_loss=5.33250  val_L1@15dB=2.75641
  lam=2.2500  epoch 073/200  train_loss=5.26249  val_L1@15dB=2.70532
  lam=2.2500  epoch 074/200  train_loss=5.10539  val_L1@15dB=2.70449
  lam=2.2500  epoch 075/200  train_loss=4.99026  val_L1@15dB=2.69824
  lam=2.2500  epoch 076/200  train_loss=4.92865  val_L1@15dB=2.68757
  lam=2.2500  epoch 077/200  train_loss=4.81747  val_L1@15dB=2.72361
  lam=2.2500  epoch 078/200  train_loss=5.16488  val_L1@15dB=2.72066
  lam=2.2500  epoch 079/200  train_loss=4.99730  val_L1@15dB=2.75652
  lam=2.2500  epoch 080/200  train_loss=4.85824  val_L1@15dB=2.66863
  lam=2.2500  epoch 081/200  train_loss=4.93875  val_L1@15dB=2.71874
  lam=2.2500  epoch 082/200  train_loss=4.90890  val_L1@15dB=2.67596
  lam=2.2500  epoch 083/200  train_loss=4.88921  val_L1@15dB=2.71826
  lam=2.2500  epoch 084/200  train_loss=4.99491  val_L1@15dB=2.72677
  lam=2.2500  epoch 085/200  train_loss=4.86801  val_L1@15dB=2.68348
  lam=2.2500  epoch 086/200  train_loss=4.84400  val_L1@15dB=2.68648
  lam=2.2500  epoch 087/200  train_loss=4.89675  val_L1@15dB=2.68626
  lam=2.2500  epoch 088/200  train_loss=4.89591  val_L1@15dB=2.70927
  lam=2.2500  epoch 089/200  train_loss=4.77554  val_L1@15dB=2.72167
  lam=2.2500  epoch 090/200  train_loss=4.81066  val_L1@15dB=2.70995
  lam=2.2500  epoch 091/200  train_loss=4.62694  val_L1@15dB=2.70478
  lam=2.2500  epoch 092/200  train_loss=4.89553  val_L1@15dB=2.68864
  lam=2.2500  epoch 093/200  train_loss=4.91455  val_L1@15dB=2.70566
  lam=2.2500  epoch 094/200  train_loss=4.75707  val_L1@15dB=2.65845
  lam=2.2500  epoch 095/200  train_loss=4.60876  val_L1@15dB=2.69314
  lam=2.2500  epoch 096/200  train_loss=4.49181  val_L1@15dB=2.69131
  lam=2.2500  epoch 097/200  train_loss=4.69787  val_L1@15dB=2.66965
  lam=2.2500  epoch 098/200  train_loss=4.62392  val_L1@15dB=2.69121
  lam=2.2500  epoch 099/200  train_loss=4.67276  val_L1@15dB=2.66639
  lam=2.2500  epoch 100/200  train_loss=4.50722  val_L1@15dB=2.67981
  lam=2.2500  epoch 101/200  train_loss=4.66457  val_L1@15dB=2.70748
  lam=2.2500  epoch 102/200  train_loss=4.77145  val_L1@15dB=2.68760
  lam=2.2500  epoch 103/200  train_loss=4.47801  val_L1@15dB=2.67321
  lam=2.2500  epoch 104/200  train_loss=4.58799  val_L1@15dB=2.68965
  lam=2.2500  epoch 105/200  train_loss=4.46693  val_L1@15dB=2.68022
  lam=2.2500  epoch 106/200  train_loss=4.48675  val_L1@15dB=2.70939
  lam=2.2500  epoch 107/200  train_loss=4.72284  val_L1@15dB=2.66945
  lam=2.2500  epoch 108/200  train_loss=4.60826  val_L1@15dB=2.64809
  lam=2.2500  epoch 109/200  train_loss=4.56279  val_L1@15dB=2.66928
  lam=2.2500  epoch 110/200  train_loss=4.45776  val_L1@15dB=2.68494
  lam=2.2500  epoch 111/200  train_loss=4.46025  val_L1@15dB=2.66026
  lam=2.2500  epoch 112/200  train_loss=4.45658  val_L1@15dB=2.69987
  lam=2.2500  epoch 113/200  train_loss=4.39234  val_L1@15dB=2.67494
  lam=2.2500  epoch 114/200  train_loss=4.45170  val_L1@15dB=2.66203
  lam=2.2500  epoch 115/200  train_loss=4.46247  val_L1@15dB=2.71221
  lam=2.2500  epoch 116/200  train_loss=4.41283  val_L1@15dB=2.69726
  lam=2.2500  epoch 117/200  train_loss=4.56758  val_L1@15dB=2.66930
  lam=2.2500  epoch 118/200  train_loss=4.25074  val_L1@15dB=2.63778
  lam=2.2500  epoch 119/200  train_loss=4.29131  val_L1@15dB=2.66014
  lam=2.2500  epoch 120/200  train_loss=4.39970  val_L1@15dB=2.66057
  lam=2.2500  epoch 121/200  train_loss=4.30474  val_L1@15dB=2.66018
  lam=2.2500  epoch 122/200  train_loss=4.42470  val_L1@15dB=2.68677
  lam=2.2500  epoch 123/200  train_loss=4.25632  val_L1@15dB=2.65337
  lam=2.2500  epoch 124/200  train_loss=4.48493  val_L1@15dB=2.65057
  lam=2.2500  epoch 125/200  train_loss=4.44347  val_L1@15dB=2.65259
  lam=2.2500  epoch 126/200  train_loss=4.34130  val_L1@15dB=2.64551
  lam=2.2500  epoch 127/200  train_loss=4.11310  val_L1@15dB=2.66022
  lam=2.2500  epoch 128/200  train_loss=4.29572  val_L1@15dB=2.67792
  lam=2.2500  epoch 129/200  train_loss=4.36200  val_L1@15dB=2.64791
  lam=2.2500  epoch 130/200  train_loss=4.22083  val_L1@15dB=2.62830
  lam=2.2500  epoch 131/200  train_loss=4.12923  val_L1@15dB=2.64592
  lam=2.2500  epoch 132/200  train_loss=4.19415  val_L1@15dB=2.66930
  lam=2.2500  epoch 133/200  train_loss=4.34084  val_L1@15dB=2.67526
  lam=2.2500  epoch 134/200  train_loss=4.32145  val_L1@15dB=2.66605
  lam=2.2500  epoch 135/200  train_loss=4.22120  val_L1@15dB=2.67828
  lam=2.2500  epoch 136/200  train_loss=4.32472  val_L1@15dB=2.65610
  lam=2.2500  epoch 137/200  train_loss=4.16817  val_L1@15dB=2.65247
  lam=2.2500  epoch 138/200  train_loss=4.11256  val_L1@15dB=2.62927
  lam=2.2500  epoch 139/200  train_loss=4.39194  val_L1@15dB=2.66268
  lam=2.2500  epoch 140/200  train_loss=4.23112  val_L1@15dB=2.64892
  lam=2.2500  epoch 141/200  train_loss=4.20735  val_L1@15dB=2.65307
  lam=2.2500  epoch 142/200  train_loss=4.08904  val_L1@15dB=2.65374
  lam=2.2500  epoch 143/200  train_loss=4.13801  val_L1@15dB=2.66216
  lam=2.2500  epoch 144/200  train_loss=4.05303  val_L1@15dB=2.64211
  lam=2.2500  epoch 145/200  train_loss=4.05321  val_L1@15dB=2.66071
  lam=2.2500  epoch 146/200  train_loss=4.39167  val_L1@15dB=2.68045
  lam=2.2500  epoch 147/200  train_loss=4.31383  val_L1@15dB=2.67682
  lam=2.2500  epoch 148/200  train_loss=4.16476  val_L1@15dB=2.64525
  lam=2.2500  epoch 149/200  train_loss=4.25592  val_L1@15dB=2.66507
  lam=2.2500  epoch 150/200  train_loss=4.14499  val_L1@15dB=2.67660
  lam=2.2500  epoch 151/200  train_loss=4.12749  val_L1@15dB=2.68294
  lam=2.2500  epoch 152/200  train_loss=4.05667  val_L1@15dB=2.66873
  lam=2.2500  epoch 153/200  train_loss=4.24191  val_L1@15dB=2.67852
  lam=2.2500  epoch 154/200  train_loss=4.19434  val_L1@15dB=2.68151
  lam=2.2500  epoch 155/200  train_loss=4.09143  val_L1@15dB=2.70602
  early stop: no val improvement for 25 epochs; stopped at epoch 155, best epoch 130
  lam=2.2500  best_ep=130  best_val=2.62830  wall=375.5s

--- plain_t0 lam = 3.0000 (5/5) ---
  lam=3.0000  epoch 001/200  train_loss=24.67223  val_L1@15dB=4.50295
  lam=3.0000  epoch 002/200  train_loss=19.20471  val_L1@15dB=4.35029
  lam=3.0000  epoch 003/200  train_loss=17.53270  val_L1@15dB=4.00751
  lam=3.0000  epoch 004/200  train_loss=14.91291  val_L1@15dB=3.78214
  lam=3.0000  epoch 005/200  train_loss=13.56819  val_L1@15dB=3.48557
  lam=3.0000  epoch 006/200  train_loss=12.84203  val_L1@15dB=3.37032
  lam=3.0000  epoch 007/200  train_loss=12.08048  val_L1@15dB=3.29778
  lam=3.0000  epoch 008/200  train_loss=11.47098  val_L1@15dB=3.21058
  lam=3.0000  epoch 009/200  train_loss=10.83008  val_L1@15dB=3.17754
  lam=3.0000  epoch 010/200  train_loss=10.46800  val_L1@15dB=3.14465
  lam=3.0000  epoch 011/200  train_loss=10.38302  val_L1@15dB=3.21072
  lam=3.0000  epoch 012/200  train_loss=10.63111  val_L1@15dB=3.28943
  lam=3.0000  epoch 013/200  train_loss=10.04547  val_L1@15dB=3.07134
  lam=3.0000  epoch 014/200  train_loss=9.59707  val_L1@15dB=3.05460
  lam=3.0000  epoch 015/200  train_loss=9.40156  val_L1@15dB=3.08648
  lam=3.0000  epoch 016/200  train_loss=9.14763  val_L1@15dB=3.03228
  lam=3.0000  epoch 017/200  train_loss=8.99404  val_L1@15dB=3.00007
  lam=3.0000  epoch 018/200  train_loss=9.07031  val_L1@15dB=3.01378
  lam=3.0000  epoch 019/200  train_loss=8.60430  val_L1@15dB=3.00100
  lam=3.0000  epoch 020/200  train_loss=8.56062  val_L1@15dB=2.96639
  lam=3.0000  epoch 021/200  train_loss=8.71527  val_L1@15dB=3.03942
  lam=3.0000  epoch 022/200  train_loss=8.56040  val_L1@15dB=2.94264
  lam=3.0000  epoch 023/200  train_loss=8.24453  val_L1@15dB=2.96599
  lam=3.0000  epoch 024/200  train_loss=8.09598  val_L1@15dB=2.97422
  lam=3.0000  epoch 025/200  train_loss=8.14838  val_L1@15dB=2.93694
  lam=3.0000  epoch 026/200  train_loss=8.42178  val_L1@15dB=2.90933
  lam=3.0000  epoch 027/200  train_loss=7.93371  val_L1@15dB=2.87306
  lam=3.0000  epoch 028/200  train_loss=8.22914  val_L1@15dB=2.90540
  lam=3.0000  epoch 029/200  train_loss=7.92614  val_L1@15dB=2.91949
  lam=3.0000  epoch 030/200  train_loss=8.09003  val_L1@15dB=2.87342
  lam=3.0000  epoch 031/200  train_loss=7.56415  val_L1@15dB=2.85511
  lam=3.0000  epoch 032/200  train_loss=7.36839  val_L1@15dB=2.85486
  lam=3.0000  epoch 033/200  train_loss=7.17951  val_L1@15dB=2.82138
  lam=3.0000  epoch 034/200  train_loss=7.44779  val_L1@15dB=2.88512
  lam=3.0000  epoch 035/200  train_loss=7.25148  val_L1@15dB=2.81773
  lam=3.0000  epoch 036/200  train_loss=7.26471  val_L1@15dB=2.84783
  lam=3.0000  epoch 037/200  train_loss=6.94483  val_L1@15dB=2.79969
  lam=3.0000  epoch 038/200  train_loss=6.91674  val_L1@15dB=2.80444
  lam=3.0000  epoch 039/200  train_loss=7.05954  val_L1@15dB=2.81878
  lam=3.0000  epoch 040/200  train_loss=6.96550  val_L1@15dB=2.79796
  lam=3.0000  epoch 041/200  train_loss=7.02058  val_L1@15dB=2.81964
  lam=3.0000  epoch 042/200  train_loss=6.96537  val_L1@15dB=2.80184
  lam=3.0000  epoch 043/200  train_loss=6.92279  val_L1@15dB=2.81387
  lam=3.0000  epoch 044/200  train_loss=6.67724  val_L1@15dB=2.85532
  lam=3.0000  epoch 045/200  train_loss=6.68394  val_L1@15dB=2.77156
  lam=3.0000  epoch 046/200  train_loss=6.49104  val_L1@15dB=2.73955
  lam=3.0000  epoch 047/200  train_loss=6.65353  val_L1@15dB=2.76172
  lam=3.0000  epoch 048/200  train_loss=6.31404  val_L1@15dB=2.75609
  lam=3.0000  epoch 049/200  train_loss=6.54142  val_L1@15dB=2.74542
  lam=3.0000  epoch 050/200  train_loss=6.36686  val_L1@15dB=2.77543
  lam=3.0000  epoch 051/200  train_loss=6.27834  val_L1@15dB=2.78528
  lam=3.0000  epoch 052/200  train_loss=6.20271  val_L1@15dB=2.77700
  lam=3.0000  epoch 053/200  train_loss=6.37445  val_L1@15dB=2.73394
  lam=3.0000  epoch 054/200  train_loss=6.61665  val_L1@15dB=2.76110
  lam=3.0000  epoch 055/200  train_loss=6.29529  val_L1@15dB=2.78156
  lam=3.0000  epoch 056/200  train_loss=6.25549  val_L1@15dB=2.74534
  lam=3.0000  epoch 057/200  train_loss=6.17053  val_L1@15dB=2.76580
  lam=3.0000  epoch 058/200  train_loss=6.34656  val_L1@15dB=2.73197
  lam=3.0000  epoch 059/200  train_loss=6.18746  val_L1@15dB=2.74652
  lam=3.0000  epoch 060/200  train_loss=6.12819  val_L1@15dB=2.73733
  lam=3.0000  epoch 061/200  train_loss=6.53941  val_L1@15dB=2.76690
  lam=3.0000  epoch 062/200  train_loss=6.02810  val_L1@15dB=2.75487
  lam=3.0000  epoch 063/200  train_loss=6.06481  val_L1@15dB=2.78098
  lam=3.0000  epoch 064/200  train_loss=6.19121  val_L1@15dB=2.75915
  lam=3.0000  epoch 065/200  train_loss=5.93361  val_L1@15dB=2.70304
  lam=3.0000  epoch 066/200  train_loss=5.90675  val_L1@15dB=2.76001
  lam=3.0000  epoch 067/200  train_loss=5.90296  val_L1@15dB=2.72043
  lam=3.0000  epoch 068/200  train_loss=5.95481  val_L1@15dB=2.73655
  lam=3.0000  epoch 069/200  train_loss=5.80047  val_L1@15dB=2.69921
  lam=3.0000  epoch 070/200  train_loss=5.99034  val_L1@15dB=2.73387
  lam=3.0000  epoch 071/200  train_loss=5.88176  val_L1@15dB=2.73044
  lam=3.0000  epoch 072/200  train_loss=5.98023  val_L1@15dB=2.73538
  lam=3.0000  epoch 073/200  train_loss=5.76960  val_L1@15dB=2.70579
  lam=3.0000  epoch 074/200  train_loss=5.63674  val_L1@15dB=2.72731
  lam=3.0000  epoch 075/200  train_loss=5.58218  val_L1@15dB=2.72370
  lam=3.0000  epoch 076/200  train_loss=5.68136  val_L1@15dB=2.73728
  lam=3.0000  epoch 077/200  train_loss=5.90871  val_L1@15dB=2.71361
  lam=3.0000  epoch 078/200  train_loss=5.62183  val_L1@15dB=2.70853
  lam=3.0000  epoch 079/200  train_loss=5.63550  val_L1@15dB=2.72605
  lam=3.0000  epoch 080/200  train_loss=5.56692  val_L1@15dB=2.74340
  lam=3.0000  epoch 081/200  train_loss=5.40752  val_L1@15dB=2.70107
  lam=3.0000  epoch 082/200  train_loss=5.37138  val_L1@15dB=2.73124
  lam=3.0000  epoch 083/200  train_loss=5.45577  val_L1@15dB=2.71021
  lam=3.0000  epoch 084/200  train_loss=5.49796  val_L1@15dB=2.72138
  lam=3.0000  epoch 085/200  train_loss=5.60751  val_L1@15dB=2.71478
  lam=3.0000  epoch 086/200  train_loss=5.33221  val_L1@15dB=2.67519
  lam=3.0000  epoch 087/200  train_loss=5.45154  val_L1@15dB=2.70280
  lam=3.0000  epoch 088/200  train_loss=5.28551  val_L1@15dB=2.67841
  lam=3.0000  epoch 089/200  train_loss=5.39984  val_L1@15dB=2.69581
  lam=3.0000  epoch 090/200  train_loss=5.27965  val_L1@15dB=2.69902
  lam=3.0000  epoch 091/200  train_loss=5.27445  val_L1@15dB=2.68204
  lam=3.0000  epoch 092/200  train_loss=5.33865  val_L1@15dB=2.70339
  lam=3.0000  epoch 093/200  train_loss=5.20224  val_L1@15dB=2.72760
  lam=3.0000  epoch 094/200  train_loss=5.33094  val_L1@15dB=2.68242
  lam=3.0000  epoch 095/200  train_loss=5.22722  val_L1@15dB=2.67959
  lam=3.0000  epoch 096/200  train_loss=5.38183  val_L1@15dB=2.70712
  lam=3.0000  epoch 097/200  train_loss=5.15459  val_L1@15dB=2.68355
  lam=3.0000  epoch 098/200  train_loss=5.17886  val_L1@15dB=2.68536
  lam=3.0000  epoch 099/200  train_loss=5.25802  val_L1@15dB=2.69530
  lam=3.0000  epoch 100/200  train_loss=5.28661  val_L1@15dB=2.70446
  lam=3.0000  epoch 101/200  train_loss=5.04557  val_L1@15dB=2.70213
  lam=3.0000  epoch 102/200  train_loss=5.01244  val_L1@15dB=2.68884
  lam=3.0000  epoch 103/200  train_loss=5.14315  val_L1@15dB=2.67160
  lam=3.0000  epoch 104/200  train_loss=5.31955  val_L1@15dB=2.70970
  lam=3.0000  epoch 105/200  train_loss=5.09812  val_L1@15dB=2.70486
  lam=3.0000  epoch 106/200  train_loss=4.97884  val_L1@15dB=2.69155
  lam=3.0000  epoch 107/200  train_loss=5.13286  val_L1@15dB=2.69965
  lam=3.0000  epoch 108/200  train_loss=5.11992  val_L1@15dB=2.71288
  lam=3.0000  epoch 109/200  train_loss=4.97726  val_L1@15dB=2.67993
  lam=3.0000  epoch 110/200  train_loss=5.09000  val_L1@15dB=2.70163
  lam=3.0000  epoch 111/200  train_loss=5.38988  val_L1@15dB=2.68800
  lam=3.0000  epoch 112/200  train_loss=5.25223  val_L1@15dB=2.70618
  lam=3.0000  epoch 113/200  train_loss=5.46770  val_L1@15dB=2.69109
  lam=3.0000  epoch 114/200  train_loss=4.98039  val_L1@15dB=2.68765
  lam=3.0000  epoch 115/200  train_loss=4.92617  val_L1@15dB=2.68662
  lam=3.0000  epoch 116/200  train_loss=4.82978  val_L1@15dB=2.67605
  lam=3.0000  epoch 117/200  train_loss=4.91633  val_L1@15dB=2.69310
  lam=3.0000  epoch 118/200  train_loss=5.01323  val_L1@15dB=2.71371
  lam=3.0000  epoch 119/200  train_loss=5.13191  val_L1@15dB=2.71834
  lam=3.0000  epoch 120/200  train_loss=5.06035  val_L1@15dB=2.68045
  lam=3.0000  epoch 121/200  train_loss=5.01899  val_L1@15dB=2.72252
  lam=3.0000  epoch 122/200  train_loss=4.93945  val_L1@15dB=2.70358
  lam=3.0000  epoch 123/200  train_loss=4.82676  val_L1@15dB=2.68957
  lam=3.0000  epoch 124/200  train_loss=4.81323  val_L1@15dB=2.68123
  lam=3.0000  epoch 125/200  train_loss=4.76800  val_L1@15dB=2.65384
  lam=3.0000  epoch 126/200  train_loss=4.87392  val_L1@15dB=2.66622
  lam=3.0000  epoch 127/200  train_loss=4.95228  val_L1@15dB=2.71505
  lam=3.0000  epoch 128/200  train_loss=5.11393  val_L1@15dB=2.72565
  lam=3.0000  epoch 129/200  train_loss=5.07427  val_L1@15dB=2.68334
  lam=3.0000  epoch 130/200  train_loss=5.01543  val_L1@15dB=2.68636
  lam=3.0000  epoch 131/200  train_loss=4.74541  val_L1@15dB=2.69152
  lam=3.0000  epoch 132/200  train_loss=5.01452  val_L1@15dB=2.69529
  lam=3.0000  epoch 133/200  train_loss=4.69231  val_L1@15dB=2.69523
  lam=3.0000  epoch 134/200  train_loss=4.81293  val_L1@15dB=2.69980
  lam=3.0000  epoch 135/200  train_loss=4.79657  val_L1@15dB=2.70077
  lam=3.0000  epoch 136/200  train_loss=4.76361  val_L1@15dB=2.66724
  lam=3.0000  epoch 137/200  train_loss=4.54021  val_L1@15dB=2.68555
  lam=3.0000  epoch 138/200  train_loss=4.84375  val_L1@15dB=2.67065
  lam=3.0000  epoch 139/200  train_loss=5.06921  val_L1@15dB=2.70591
  lam=3.0000  epoch 140/200  train_loss=4.72185  val_L1@15dB=2.66130
  lam=3.0000  epoch 141/200  train_loss=4.72815  val_L1@15dB=2.68093
  lam=3.0000  epoch 142/200  train_loss=4.74968  val_L1@15dB=2.69464
  lam=3.0000  epoch 143/200  train_loss=4.74635  val_L1@15dB=2.68291
  lam=3.0000  epoch 144/200  train_loss=4.75481  val_L1@15dB=2.68824
  lam=3.0000  epoch 145/200  train_loss=4.64817  val_L1@15dB=2.69694
  lam=3.0000  epoch 146/200  train_loss=4.62423  val_L1@15dB=2.67831
  lam=3.0000  epoch 147/200  train_loss=4.68535  val_L1@15dB=2.67837
  lam=3.0000  epoch 148/200  train_loss=4.53608  val_L1@15dB=2.67510
  lam=3.0000  epoch 149/200  train_loss=4.52300  val_L1@15dB=2.69937
  lam=3.0000  epoch 150/200  train_loss=4.59426  val_L1@15dB=2.65348
  lam=3.0000  epoch 151/200  train_loss=4.63478  val_L1@15dB=2.68010
  lam=3.0000  epoch 152/200  train_loss=4.58300  val_L1@15dB=2.69248
  lam=3.0000  epoch 153/200  train_loss=4.51210  val_L1@15dB=2.68058
  lam=3.0000  epoch 154/200  train_loss=4.52531  val_L1@15dB=2.68175
  lam=3.0000  epoch 155/200  train_loss=4.65904  val_L1@15dB=2.68695
  lam=3.0000  epoch 156/200  train_loss=4.65356  val_L1@15dB=2.68270
  lam=3.0000  epoch 157/200  train_loss=4.61312  val_L1@15dB=2.66794
  lam=3.0000  epoch 158/200  train_loss=4.77787  val_L1@15dB=2.70375
  lam=3.0000  epoch 159/200  train_loss=4.68417  val_L1@15dB=2.66903
  lam=3.0000  epoch 160/200  train_loss=4.37551  val_L1@15dB=2.67581
  lam=3.0000  epoch 161/200  train_loss=4.42317  val_L1@15dB=2.65507
  lam=3.0000  epoch 162/200  train_loss=4.57848  val_L1@15dB=2.66585
  lam=3.0000  epoch 163/200  train_loss=4.69557  val_L1@15dB=2.66734
  lam=3.0000  epoch 164/200  train_loss=4.40727  val_L1@15dB=2.68824
  lam=3.0000  epoch 165/200  train_loss=4.40414  val_L1@15dB=2.67428
  lam=3.0000  epoch 166/200  train_loss=4.39021  val_L1@15dB=2.66193
  lam=3.0000  epoch 167/200  train_loss=4.44593  val_L1@15dB=2.65370
  lam=3.0000  epoch 168/200  train_loss=4.42812  val_L1@15dB=2.67899
  lam=3.0000  epoch 169/200  train_loss=4.38910  val_L1@15dB=2.66819
  lam=3.0000  epoch 170/200  train_loss=4.37573  val_L1@15dB=2.67556
  lam=3.0000  epoch 171/200  train_loss=4.44118  val_L1@15dB=2.65976
  lam=3.0000  epoch 172/200  train_loss=4.39218  val_L1@15dB=2.66920
  lam=3.0000  epoch 173/200  train_loss=4.41906  val_L1@15dB=2.67492
  lam=3.0000  epoch 174/200  train_loss=4.31383  val_L1@15dB=2.67207
  lam=3.0000  epoch 175/200  train_loss=4.43131  val_L1@15dB=2.67759
  early stop: no val improvement for 25 epochs; stopped at epoch 175, best epoch 150
  lam=3.0000  best_ep=150  best_val=2.65348  wall=420.2s

[plain_t0] lambda* = 0.7500  (best val L1 = 2.55780)
[plain_t0] baseline λ = 0.0000  (best val L1 = 2.62509)

======== exp_a_ablation_padded_tstar | device=cuda ========
note: full new pipeline: padded FROG + t*
padded spectral: κ=0.52 σ_tc=5.73 N_FFT=88 dE=0.029608 eV
pulses: T=100.0 spikes=30 σ_spike=2.5 σ_tc=5.73 canon=tstar frog=padded
trace_scale = 11.3943

--- padded_tstar lam = 0.0000 (1/5) ---
  lam=0.0000  epoch 001/200  train_loss=4.75823  val_L1@15dB=4.03646
  lam=0.0000  epoch 002/200  train_loss=4.04969  val_L1@15dB=3.97261
  lam=0.0000  epoch 003/200  train_loss=3.99082  val_L1@15dB=3.92272
  lam=0.0000  epoch 004/200  train_loss=3.95780  val_L1@15dB=3.86266
  lam=0.0000  epoch 005/200  train_loss=3.82755  val_L1@15dB=3.65321
  lam=0.0000  epoch 006/200  train_loss=3.65963  val_L1@15dB=3.56193
  lam=0.0000  epoch 007/200  train_loss=3.60224  val_L1@15dB=3.55673
  lam=0.0000  epoch 008/200  train_loss=3.58327  val_L1@15dB=3.46676
  lam=0.0000  epoch 009/200  train_loss=3.49087  val_L1@15dB=3.42796
  lam=0.0000  epoch 010/200  train_loss=3.42079  val_L1@15dB=3.36333
  lam=0.0000  epoch 011/200  train_loss=3.35834  val_L1@15dB=3.26302
  lam=0.0000  epoch 012/200  train_loss=3.31269  val_L1@15dB=3.25831
  lam=0.0000  epoch 013/200  train_loss=3.27064  val_L1@15dB=3.21798
  lam=0.0000  epoch 014/200  train_loss=3.24157  val_L1@15dB=3.17806
  lam=0.0000  epoch 015/200  train_loss=3.20210  val_L1@15dB=3.13909
  lam=0.0000  epoch 016/200  train_loss=3.15748  val_L1@15dB=3.12725
  lam=0.0000  epoch 017/200  train_loss=3.13490  val_L1@15dB=3.09497
  lam=0.0000  epoch 018/200  train_loss=3.08773  val_L1@15dB=3.09879
  lam=0.0000  epoch 019/200  train_loss=3.05928  val_L1@15dB=3.08769
  lam=0.0000  epoch 020/200  train_loss=3.00005  val_L1@15dB=3.06512
  lam=0.0000  epoch 021/200  train_loss=2.99387  val_L1@15dB=3.01409
  lam=0.0000  epoch 022/200  train_loss=2.94215  val_L1@15dB=3.03577
  lam=0.0000  epoch 023/200  train_loss=2.89519  val_L1@15dB=3.00234
  lam=0.0000  epoch 024/200  train_loss=2.86630  val_L1@15dB=3.08804
  lam=0.0000  epoch 025/200  train_loss=2.82857  val_L1@15dB=3.03361
  lam=0.0000  epoch 026/200  train_loss=2.78712  val_L1@15dB=3.01770
  lam=0.0000  epoch 027/200  train_loss=2.71378  val_L1@15dB=3.03633
  lam=0.0000  epoch 028/200  train_loss=2.64606  val_L1@15dB=3.07455
  lam=0.0000  epoch 029/200  train_loss=2.66719  val_L1@15dB=3.03611
  lam=0.0000  epoch 030/200  train_loss=2.59112  val_L1@15dB=3.02849
  lam=0.0000  epoch 031/200  train_loss=2.50355  val_L1@15dB=3.07061
  lam=0.0000  epoch 032/200  train_loss=2.48146  val_L1@15dB=3.11465
  lam=0.0000  epoch 033/200  train_loss=2.41610  val_L1@15dB=3.14625
  lam=0.0000  epoch 034/200  train_loss=2.38595  val_L1@15dB=3.19977
  lam=0.0000  epoch 035/200  train_loss=2.30215  val_L1@15dB=3.13585
  lam=0.0000  epoch 036/200  train_loss=2.23838  val_L1@15dB=3.13040
  lam=0.0000  epoch 037/200  train_loss=2.15993  val_L1@15dB=3.14295
  lam=0.0000  epoch 038/200  train_loss=2.16118  val_L1@15dB=3.20259
  lam=0.0000  epoch 039/200  train_loss=2.10460  val_L1@15dB=3.17471
  lam=0.0000  epoch 040/200  train_loss=1.96640  val_L1@15dB=3.23525
  lam=0.0000  epoch 041/200  train_loss=1.99369  val_L1@15dB=3.15362
  lam=0.0000  epoch 042/200  train_loss=1.92147  val_L1@15dB=3.32263
  lam=0.0000  epoch 043/200  train_loss=1.84194  val_L1@15dB=3.24196
  lam=0.0000  epoch 044/200  train_loss=1.81251  val_L1@15dB=3.28372
  lam=0.0000  epoch 045/200  train_loss=1.82986  val_L1@15dB=3.20319
  lam=0.0000  epoch 046/200  train_loss=1.68215  val_L1@15dB=3.26819
  lam=0.0000  epoch 047/200  train_loss=1.66889  val_L1@15dB=3.27240
  lam=0.0000  epoch 048/200  train_loss=1.57451  val_L1@15dB=3.30860
  early stop: no val improvement for 25 epochs; stopped at epoch 48, best epoch 23
  lam=0.0000  best_ep=23  best_val=3.00234  wall=91.0s

--- padded_tstar lam = 0.7500 (2/5) ---
  lam=0.7500  epoch 001/200  train_loss=9.85167  val_L1@15dB=4.28647
  lam=0.7500  epoch 002/200  train_loss=7.84796  val_L1@15dB=4.09341
  lam=0.7500  epoch 003/200  train_loss=7.03738  val_L1@15dB=3.92960
  lam=0.7500  epoch 004/200  train_loss=6.67570  val_L1@15dB=3.87860
  lam=0.7500  epoch 005/200  train_loss=6.42738  val_L1@15dB=3.81800
  lam=0.7500  epoch 006/200  train_loss=6.23676  val_L1@15dB=3.74028
  lam=0.7500  epoch 007/200  train_loss=5.90944  val_L1@15dB=3.71602
  lam=0.7500  epoch 008/200  train_loss=5.70389  val_L1@15dB=3.63905
  lam=0.7500  epoch 009/200  train_loss=5.53671  val_L1@15dB=3.60860
  lam=0.7500  epoch 010/200  train_loss=5.35698  val_L1@15dB=3.48058
  lam=0.7500  epoch 011/200  train_loss=5.17719  val_L1@15dB=3.54407
  lam=0.7500  epoch 012/200  train_loss=5.05668  val_L1@15dB=3.45482
  lam=0.7500  epoch 013/200  train_loss=5.10802  val_L1@15dB=3.49676
  lam=0.7500  epoch 014/200  train_loss=4.97695  val_L1@15dB=3.37355
  lam=0.7500  epoch 015/200  train_loss=4.77283  val_L1@15dB=3.32495
  lam=0.7500  epoch 016/200  train_loss=4.74950  val_L1@15dB=3.35682
  lam=0.7500  epoch 017/200  train_loss=4.73019  val_L1@15dB=3.28087
  lam=0.7500  epoch 018/200  train_loss=4.66046  val_L1@15dB=3.30390
  lam=0.7500  epoch 019/200  train_loss=4.63050  val_L1@15dB=3.25418
  lam=0.7500  epoch 020/200  train_loss=4.41420  val_L1@15dB=3.24689
  lam=0.7500  epoch 021/200  train_loss=4.41927  val_L1@15dB=3.20465
  lam=0.7500  epoch 022/200  train_loss=4.32904  val_L1@15dB=3.13238
  lam=0.7500  epoch 023/200  train_loss=4.28340  val_L1@15dB=3.15891
  lam=0.7500  epoch 024/200  train_loss=4.27637  val_L1@15dB=3.15090
  lam=0.7500  epoch 025/200  train_loss=4.19441  val_L1@15dB=3.15619
  lam=0.7500  epoch 026/200  train_loss=4.17473  val_L1@15dB=3.11094
  lam=0.7500  epoch 027/200  train_loss=4.15402  val_L1@15dB=3.12899
  lam=0.7500  epoch 028/200  train_loss=4.08577  val_L1@15dB=3.17832
  lam=0.7500  epoch 029/200  train_loss=4.03988  val_L1@15dB=3.15149
  lam=0.7500  epoch 030/200  train_loss=4.01884  val_L1@15dB=3.08582
  lam=0.7500  epoch 031/200  train_loss=3.95505  val_L1@15dB=3.09825
  lam=0.7500  epoch 032/200  train_loss=3.94299  val_L1@15dB=3.13703
  lam=0.7500  epoch 033/200  train_loss=3.89792  val_L1@15dB=3.10578
  lam=0.7500  epoch 034/200  train_loss=3.84734  val_L1@15dB=3.06817
  lam=0.7500  epoch 035/200  train_loss=3.85840  val_L1@15dB=3.09854
  lam=0.7500  epoch 036/200  train_loss=3.84521  val_L1@15dB=3.11187
  lam=0.7500  epoch 037/200  train_loss=3.79480  val_L1@15dB=3.04585
  lam=0.7500  epoch 038/200  train_loss=3.70795  val_L1@15dB=3.04366
  lam=0.7500  epoch 039/200  train_loss=3.63908  val_L1@15dB=3.07740
  lam=0.7500  epoch 040/200  train_loss=3.65352  val_L1@15dB=3.06184
  lam=0.7500  epoch 041/200  train_loss=3.60817  val_L1@15dB=3.05339
  lam=0.7500  epoch 042/200  train_loss=3.58284  val_L1@15dB=3.07053
  lam=0.7500  epoch 043/200  train_loss=3.54786  val_L1@15dB=3.06590
  lam=0.7500  epoch 044/200  train_loss=3.56921  val_L1@15dB=3.11780
  lam=0.7500  epoch 045/200  train_loss=3.52280  val_L1@15dB=3.06180
  lam=0.7500  epoch 046/200  train_loss=3.43347  val_L1@15dB=3.09141
  lam=0.7500  epoch 047/200  train_loss=3.49347  val_L1@15dB=3.11556
  lam=0.7500  epoch 048/200  train_loss=3.36386  val_L1@15dB=3.08282
  lam=0.7500  epoch 049/200  train_loss=3.41024  val_L1@15dB=3.09198
  lam=0.7500  epoch 050/200  train_loss=3.39778  val_L1@15dB=3.07455
  lam=0.7500  epoch 051/200  train_loss=3.32484  val_L1@15dB=3.08481
  lam=0.7500  epoch 052/200  train_loss=3.28181  val_L1@15dB=3.07888
  lam=0.7500  epoch 053/200  train_loss=3.24541  val_L1@15dB=3.11425
  lam=0.7500  epoch 054/200  train_loss=3.29967  val_L1@15dB=3.07037
  lam=0.7500  epoch 055/200  train_loss=3.27506  val_L1@15dB=3.09947
  lam=0.7500  epoch 056/200  train_loss=3.18884  val_L1@15dB=3.11311
  lam=0.7500  epoch 057/200  train_loss=3.17659  val_L1@15dB=3.11216
  lam=0.7500  epoch 058/200  train_loss=3.08598  val_L1@15dB=3.08950
  lam=0.7500  epoch 059/200  train_loss=3.10282  val_L1@15dB=3.10878
  lam=0.7500  epoch 060/200  train_loss=3.02355  val_L1@15dB=3.08601
  lam=0.7500  epoch 061/200  train_loss=3.07400  val_L1@15dB=3.12018
  lam=0.7500  epoch 062/200  train_loss=3.03205  val_L1@15dB=3.11875
  lam=0.7500  epoch 063/200  train_loss=3.06689  val_L1@15dB=3.12302
  early stop: no val improvement for 25 epochs; stopped at epoch 63, best epoch 38
  lam=0.7500  best_ep=38  best_val=3.04366  wall=153.6s

--- padded_tstar lam = 1.5000 (3/5) ---
  lam=1.5000  epoch 001/200  train_loss=14.66007  val_L1@15dB=4.56402
  lam=1.5000  epoch 002/200  train_loss=11.71654  val_L1@15dB=4.25743
  lam=1.5000  epoch 003/200  train_loss=10.99716  val_L1@15dB=4.17061
  lam=1.5000  epoch 004/200  train_loss=9.65902  val_L1@15dB=4.11200
  lam=1.5000  epoch 005/200  train_loss=8.84853  val_L1@15dB=4.08514
  lam=1.5000  epoch 006/200  train_loss=8.51217  val_L1@15dB=3.96720
  lam=1.5000  epoch 007/200  train_loss=8.14768  val_L1@15dB=3.95733
  lam=1.5000  epoch 008/200  train_loss=7.95183  val_L1@15dB=3.88404
  lam=1.5000  epoch 009/200  train_loss=7.71970  val_L1@15dB=3.80664
  lam=1.5000  epoch 010/200  train_loss=7.39506  val_L1@15dB=3.65267
  lam=1.5000  epoch 011/200  train_loss=7.09233  val_L1@15dB=3.59539
  lam=1.5000  epoch 012/200  train_loss=6.76295  val_L1@15dB=3.57333
  lam=1.5000  epoch 013/200  train_loss=6.53990  val_L1@15dB=3.50526
  lam=1.5000  epoch 014/200  train_loss=6.47935  val_L1@15dB=3.49479
  lam=1.5000  epoch 015/200  train_loss=6.26642  val_L1@15dB=3.46751
  lam=1.5000  epoch 016/200  train_loss=6.22702  val_L1@15dB=3.45081
  lam=1.5000  epoch 017/200  train_loss=6.09282  val_L1@15dB=3.40439
  lam=1.5000  epoch 018/200  train_loss=5.92403  val_L1@15dB=3.42866
  lam=1.5000  epoch 019/200  train_loss=5.82668  val_L1@15dB=3.36907
  lam=1.5000  epoch 020/200  train_loss=5.80962  val_L1@15dB=3.39566
  lam=1.5000  epoch 021/200  train_loss=5.67371  val_L1@15dB=3.36104
  lam=1.5000  epoch 022/200  train_loss=5.60858  val_L1@15dB=3.32886
  lam=1.5000  epoch 023/200  train_loss=5.56661  val_L1@15dB=3.31106
  lam=1.5000  epoch 024/200  train_loss=5.43545  val_L1@15dB=3.32411
  lam=1.5000  epoch 025/200  train_loss=5.41699  val_L1@15dB=3.31802
  lam=1.5000  epoch 026/200  train_loss=5.31166  val_L1@15dB=3.29431
  lam=1.5000  epoch 027/200  train_loss=5.51085  val_L1@15dB=3.31658
  lam=1.5000  epoch 028/200  train_loss=5.45710  val_L1@15dB=3.29060
  lam=1.5000  epoch 029/200  train_loss=5.21933  val_L1@15dB=3.25366
  lam=1.5000  epoch 030/200  train_loss=5.16082  val_L1@15dB=3.26158
  lam=1.5000  epoch 031/200  train_loss=5.20284  val_L1@15dB=3.24379
  lam=1.5000  epoch 032/200  train_loss=5.18675  val_L1@15dB=3.22642
  lam=1.5000  epoch 033/200  train_loss=5.02071  val_L1@15dB=3.20713
  lam=1.5000  epoch 034/200  train_loss=5.04945  val_L1@15dB=3.20844
  lam=1.5000  epoch 035/200  train_loss=5.09566  val_L1@15dB=3.19566
  lam=1.5000  epoch 036/200  train_loss=5.07088  val_L1@15dB=3.19520
  lam=1.5000  epoch 037/200  train_loss=4.92502  val_L1@15dB=3.21781
  lam=1.5000  epoch 038/200  train_loss=4.87195  val_L1@15dB=3.22512
  lam=1.5000  epoch 039/200  train_loss=4.95466  val_L1@15dB=3.19532
  lam=1.5000  epoch 040/200  train_loss=4.87181  val_L1@15dB=3.19544
  lam=1.5000  epoch 041/200  train_loss=4.91483  val_L1@15dB=3.21150
  lam=1.5000  epoch 042/200  train_loss=4.79392  val_L1@15dB=3.14677
  lam=1.5000  epoch 043/200  train_loss=4.66509  val_L1@15dB=3.15166
  lam=1.5000  epoch 044/200  train_loss=4.69261  val_L1@15dB=3.16945
  lam=1.5000  epoch 045/200  train_loss=4.71747  val_L1@15dB=3.17188
  lam=1.5000  epoch 046/200  train_loss=4.72177  val_L1@15dB=3.15826
  lam=1.5000  epoch 047/200  train_loss=4.63749  val_L1@15dB=3.15942
  lam=1.5000  epoch 048/200  train_loss=4.61397  val_L1@15dB=3.13643
  lam=1.5000  epoch 049/200  train_loss=4.79102  val_L1@15dB=3.18220
  lam=1.5000  epoch 050/200  train_loss=4.64109  val_L1@15dB=3.12378
  lam=1.5000  epoch 051/200  train_loss=4.65037  val_L1@15dB=3.13249
  lam=1.5000  epoch 052/200  train_loss=4.62244  val_L1@15dB=3.10671
  lam=1.5000  epoch 053/200  train_loss=4.46232  val_L1@15dB=3.12607
  lam=1.5000  epoch 054/200  train_loss=4.39867  val_L1@15dB=3.13227
  lam=1.5000  epoch 055/200  train_loss=4.38087  val_L1@15dB=3.15058
  lam=1.5000  epoch 056/200  train_loss=4.42853  val_L1@15dB=3.11110
  lam=1.5000  epoch 057/200  train_loss=4.42150  val_L1@15dB=3.12587
  lam=1.5000  epoch 058/200  train_loss=4.40941  val_L1@15dB=3.11479
  lam=1.5000  epoch 059/200  train_loss=4.32650  val_L1@15dB=3.12045
  lam=1.5000  epoch 060/200  train_loss=4.35330  val_L1@15dB=3.14793
  lam=1.5000  epoch 061/200  train_loss=4.38315  val_L1@15dB=3.10244
  lam=1.5000  epoch 062/200  train_loss=4.46306  val_L1@15dB=3.09039
  lam=1.5000  epoch 063/200  train_loss=4.28176  val_L1@15dB=3.10585
  lam=1.5000  epoch 064/200  train_loss=4.31520  val_L1@15dB=3.14360
  lam=1.5000  epoch 065/200  train_loss=4.24681  val_L1@15dB=3.10245
  lam=1.5000  epoch 066/200  train_loss=4.21017  val_L1@15dB=3.13162
  lam=1.5000  epoch 067/200  train_loss=4.26977  val_L1@15dB=3.09831
  lam=1.5000  epoch 068/200  train_loss=4.32495  val_L1@15dB=3.07603
  lam=1.5000  epoch 069/200  train_loss=4.21199  val_L1@15dB=3.10392
  lam=1.5000  epoch 070/200  train_loss=4.14541  val_L1@15dB=3.10741
  lam=1.5000  epoch 071/200  train_loss=4.22390  val_L1@15dB=3.11048
  lam=1.5000  epoch 072/200  train_loss=4.36474  val_L1@15dB=3.08463
  lam=1.5000  epoch 073/200  train_loss=4.18221  val_L1@15dB=3.09939
  lam=1.5000  epoch 074/200  train_loss=4.16410  val_L1@15dB=3.10872
  lam=1.5000  epoch 075/200  train_loss=4.05995  val_L1@15dB=3.09768
  lam=1.5000  epoch 076/200  train_loss=4.08693  val_L1@15dB=3.10885
  lam=1.5000  epoch 077/200  train_loss=4.16047  val_L1@15dB=3.13166
  lam=1.5000  epoch 078/200  train_loss=4.00746  val_L1@15dB=3.08889
  lam=1.5000  epoch 079/200  train_loss=4.12282  val_L1@15dB=3.14497
  lam=1.5000  epoch 080/200  train_loss=4.08370  val_L1@15dB=3.12420
  lam=1.5000  epoch 081/200  train_loss=4.02349  val_L1@15dB=3.11306
  lam=1.5000  epoch 082/200  train_loss=4.04885  val_L1@15dB=3.12512
  lam=1.5000  epoch 083/200  train_loss=3.95759  val_L1@15dB=3.10211
  lam=1.5000  epoch 084/200  train_loss=3.91259  val_L1@15dB=3.10310
  lam=1.5000  epoch 085/200  train_loss=3.80792  val_L1@15dB=3.09999
  lam=1.5000  epoch 086/200  train_loss=3.85043  val_L1@15dB=3.10469
  lam=1.5000  epoch 087/200  train_loss=3.85646  val_L1@15dB=3.13575
  lam=1.5000  epoch 088/200  train_loss=3.80577  val_L1@15dB=3.11976
  lam=1.5000  epoch 089/200  train_loss=3.89870  val_L1@15dB=3.14189
  lam=1.5000  epoch 090/200  train_loss=3.84752  val_L1@15dB=3.12644
  lam=1.5000  epoch 091/200  train_loss=3.97287  val_L1@15dB=3.11687
  lam=1.5000  epoch 092/200  train_loss=3.88919  val_L1@15dB=3.11926
  lam=1.5000  epoch 093/200  train_loss=3.90979  val_L1@15dB=3.12097
  early stop: no val improvement for 25 epochs; stopped at epoch 93, best epoch 68
  lam=1.5000  best_ep=68  best_val=3.07603  wall=225.5s

--- padded_tstar lam = 2.2500 (4/5) ---
  lam=2.2500  epoch 001/200  train_loss=20.56334  val_L1@15dB=4.94414
  lam=2.2500  epoch 002/200  train_loss=17.14572  val_L1@15dB=4.60634
  lam=2.2500  epoch 003/200  train_loss=15.29323  val_L1@15dB=4.41821
  lam=2.2500  epoch 004/200  train_loss=15.18007  val_L1@15dB=4.38820
  lam=2.2500  epoch 005/200  train_loss=15.08621  val_L1@15dB=4.40255
  lam=2.2500  epoch 006/200  train_loss=13.74514  val_L1@15dB=4.42522
  lam=2.2500  epoch 007/200  train_loss=11.93882  val_L1@15dB=4.28872
  lam=2.2500  epoch 008/200  train_loss=11.23751  val_L1@15dB=4.18522
  lam=2.2500  epoch 009/200  train_loss=10.83694  val_L1@15dB=4.10152
  lam=2.2500  epoch 010/200  train_loss=10.41737  val_L1@15dB=4.16685
  lam=2.2500  epoch 011/200  train_loss=10.25215  val_L1@15dB=4.09949
  lam=2.2500  epoch 012/200  train_loss=10.09223  val_L1@15dB=4.09949
  lam=2.2500  epoch 013/200  train_loss=9.92116  val_L1@15dB=4.02002
  lam=2.2500  epoch 014/200  train_loss=10.02208  val_L1@15dB=3.99943
  lam=2.2500  epoch 015/200  train_loss=9.79244  val_L1@15dB=3.96393
  lam=2.2500  epoch 016/200  train_loss=9.59451  val_L1@15dB=3.89902
  lam=2.2500  epoch 017/200  train_loss=9.38527  val_L1@15dB=3.94358
  lam=2.2500  epoch 018/200  train_loss=9.42866  val_L1@15dB=3.93205
  lam=2.2500  epoch 019/200  train_loss=8.92702  val_L1@15dB=3.80280
  lam=2.2500  epoch 020/200  train_loss=8.73051  val_L1@15dB=3.79257
  lam=2.2500  epoch 021/200  train_loss=8.60783  val_L1@15dB=3.70226
  lam=2.2500  epoch 022/200  train_loss=8.37435  val_L1@15dB=3.70290
  lam=2.2500  epoch 023/200  train_loss=8.07311  val_L1@15dB=3.62508
  lam=2.2500  epoch 024/200  train_loss=7.98001  val_L1@15dB=3.56784
  lam=2.2500  epoch 025/200  train_loss=7.68114  val_L1@15dB=3.55698
  lam=2.2500  epoch 026/200  train_loss=7.50445  val_L1@15dB=3.54317
  lam=2.2500  epoch 027/200  train_loss=7.60028  val_L1@15dB=3.53072
  lam=2.2500  epoch 028/200  train_loss=7.35284  val_L1@15dB=3.52497
  lam=2.2500  epoch 029/200  train_loss=7.39816  val_L1@15dB=3.51073
  lam=2.2500  epoch 030/200  train_loss=7.23383  val_L1@15dB=3.45319
  lam=2.2500  epoch 031/200  train_loss=7.05014  val_L1@15dB=3.49602
  lam=2.2500  epoch 032/200  train_loss=7.02242  val_L1@15dB=3.44837
  lam=2.2500  epoch 033/200  train_loss=6.96971  val_L1@15dB=3.43419
  lam=2.2500  epoch 034/200  train_loss=6.85928  val_L1@15dB=3.42938
  lam=2.2500  epoch 035/200  train_loss=6.78193  val_L1@15dB=3.42609
  lam=2.2500  epoch 036/200  train_loss=6.72213  val_L1@15dB=3.41823
  lam=2.2500  epoch 037/200  train_loss=6.66271  val_L1@15dB=3.42254
  lam=2.2500  epoch 038/200  train_loss=6.54364  val_L1@15dB=3.40695
  lam=2.2500  epoch 039/200  train_loss=6.56798  val_L1@15dB=3.40917
  lam=2.2500  epoch 040/200  train_loss=6.86806  val_L1@15dB=3.38817
  lam=2.2500  epoch 041/200  train_loss=6.46212  val_L1@15dB=3.39642
  lam=2.2500  epoch 042/200  train_loss=6.33727  val_L1@15dB=3.41346
  lam=2.2500  epoch 043/200  train_loss=6.47341  val_L1@15dB=3.38576
  lam=2.2500  epoch 044/200  train_loss=6.42832  val_L1@15dB=3.40118
  lam=2.2500  epoch 045/200  train_loss=6.30714  val_L1@15dB=3.37278
  lam=2.2500  epoch 046/200  train_loss=6.16291  val_L1@15dB=3.35126
  lam=2.2500  epoch 047/200  train_loss=6.15626  val_L1@15dB=3.40343
  lam=2.2500  epoch 048/200  train_loss=6.33818  val_L1@15dB=3.37913
  lam=2.2500  epoch 049/200  train_loss=6.08802  val_L1@15dB=3.35094
  lam=2.2500  epoch 050/200  train_loss=6.01150  val_L1@15dB=3.33073
  lam=2.2500  epoch 051/200  train_loss=6.04715  val_L1@15dB=3.36321
  lam=2.2500  epoch 052/200  train_loss=5.87893  val_L1@15dB=3.33424
  lam=2.2500  epoch 053/200  train_loss=5.96807  val_L1@15dB=3.32474
  lam=2.2500  epoch 054/200  train_loss=5.91961  val_L1@15dB=3.32840
  lam=2.2500  epoch 055/200  train_loss=5.87502  val_L1@15dB=3.30303
  lam=2.2500  epoch 056/200  train_loss=5.86502  val_L1@15dB=3.32938
  lam=2.2500  epoch 057/200  train_loss=5.89802  val_L1@15dB=3.34816
  lam=2.2500  epoch 058/200  train_loss=5.93339  val_L1@15dB=3.32965
  lam=2.2500  epoch 059/200  train_loss=5.78356  val_L1@15dB=3.29552
  lam=2.2500  epoch 060/200  train_loss=5.67708  val_L1@15dB=3.32962
  lam=2.2500  epoch 061/200  train_loss=5.68780  val_L1@15dB=3.30100
  lam=2.2500  epoch 062/200  train_loss=5.62778  val_L1@15dB=3.31908
  lam=2.2500  epoch 063/200  train_loss=5.69011  val_L1@15dB=3.29190
  lam=2.2500  epoch 064/200  train_loss=5.65432  val_L1@15dB=3.28481
  lam=2.2500  epoch 065/200  train_loss=5.66888  val_L1@15dB=3.31178
  lam=2.2500  epoch 066/200  train_loss=5.54116  val_L1@15dB=3.28824
  lam=2.2500  epoch 067/200  train_loss=5.93315  val_L1@15dB=3.25683
  lam=2.2500  epoch 068/200  train_loss=5.70089  val_L1@15dB=3.26599
  lam=2.2500  epoch 069/200  train_loss=5.55187  val_L1@15dB=3.27904
  lam=2.2500  epoch 070/200  train_loss=5.48466  val_L1@15dB=3.26873
  lam=2.2500  epoch 071/200  train_loss=5.45504  val_L1@15dB=3.25073
  lam=2.2500  epoch 072/200  train_loss=5.39560  val_L1@15dB=3.24341
  lam=2.2500  epoch 073/200  train_loss=5.39597  val_L1@15dB=3.23650
  lam=2.2500  epoch 074/200  train_loss=5.47933  val_L1@15dB=3.27023
  lam=2.2500  epoch 075/200  train_loss=5.34773  val_L1@15dB=3.24083
  lam=2.2500  epoch 076/200  train_loss=5.41805  val_L1@15dB=3.27687
  lam=2.2500  epoch 077/200  train_loss=5.36079  val_L1@15dB=3.24161
  lam=2.2500  epoch 078/200  train_loss=5.33972  val_L1@15dB=3.22647
  lam=2.2500  epoch 079/200  train_loss=5.22121  val_L1@15dB=3.23401
  lam=2.2500  epoch 080/200  train_loss=5.22447  val_L1@15dB=3.25788
  lam=2.2500  epoch 081/200  train_loss=5.56666  val_L1@15dB=3.20512
  lam=2.2500  epoch 082/200  train_loss=5.45481  val_L1@15dB=3.23004
  lam=2.2500  epoch 083/200  train_loss=5.35880  val_L1@15dB=3.24338
  lam=2.2500  epoch 084/200  train_loss=5.26670  val_L1@15dB=3.23520
  lam=2.2500  epoch 085/200  train_loss=5.28360  val_L1@15dB=3.20340
  lam=2.2500  epoch 086/200  train_loss=5.08306  val_L1@15dB=3.20712
  lam=2.2500  epoch 087/200  train_loss=5.26927  val_L1@15dB=3.23519
  lam=2.2500  epoch 088/200  train_loss=5.08019  val_L1@15dB=3.21026
  lam=2.2500  epoch 089/200  train_loss=5.08671  val_L1@15dB=3.22098
  lam=2.2500  epoch 090/200  train_loss=5.15975  val_L1@15dB=3.21855
  lam=2.2500  epoch 091/200  train_loss=5.12499  val_L1@15dB=3.21448
  lam=2.2500  epoch 092/200  train_loss=5.16159  val_L1@15dB=3.20527
  lam=2.2500  epoch 093/200  train_loss=5.13260  val_L1@15dB=3.20185
  lam=2.2500  epoch 094/200  train_loss=5.04758  val_L1@15dB=3.20646
  lam=2.2500  epoch 095/200  train_loss=5.02904  val_L1@15dB=3.18461
  lam=2.2500  epoch 096/200  train_loss=4.97643  val_L1@15dB=3.20344
  lam=2.2500  epoch 097/200  train_loss=5.00630  val_L1@15dB=3.17509
  lam=2.2500  epoch 098/200  train_loss=5.11048  val_L1@15dB=3.20459
  lam=2.2500  epoch 099/200  train_loss=5.12974  val_L1@15dB=3.18745
  lam=2.2500  epoch 100/200  train_loss=4.96029  val_L1@15dB=3.20873
  lam=2.2500  epoch 101/200  train_loss=4.97656  val_L1@15dB=3.20891
  lam=2.2500  epoch 102/200  train_loss=4.98736  val_L1@15dB=3.19518
  lam=2.2500  epoch 103/200  train_loss=4.88828  val_L1@15dB=3.19178
  lam=2.2500  epoch 104/200  train_loss=4.85748  val_L1@15dB=3.21250
  lam=2.2500  epoch 105/200  train_loss=4.87355  val_L1@15dB=3.20667
  lam=2.2500  epoch 106/200  train_loss=4.80961  val_L1@15dB=3.17773
  lam=2.2500  epoch 107/200  train_loss=4.86592  val_L1@15dB=3.19338
  lam=2.2500  epoch 108/200  train_loss=4.90298  val_L1@15dB=3.18732
  lam=2.2500  epoch 109/200  train_loss=4.87065  val_L1@15dB=3.17523
  lam=2.2500  epoch 110/200  train_loss=4.86404  val_L1@15dB=3.18259
  lam=2.2500  epoch 111/200  train_loss=4.73245  val_L1@15dB=3.19527
  lam=2.2500  epoch 112/200  train_loss=4.75113  val_L1@15dB=3.20020
  lam=2.2500  epoch 113/200  train_loss=4.69512  val_L1@15dB=3.17324
  lam=2.2500  epoch 114/200  train_loss=4.88431  val_L1@15dB=3.17112
  lam=2.2500  epoch 115/200  train_loss=4.72153  val_L1@15dB=3.16789
  lam=2.2500  epoch 116/200  train_loss=4.68429  val_L1@15dB=3.16472
  lam=2.2500  epoch 117/200  train_loss=4.82915  val_L1@15dB=3.18639
  lam=2.2500  epoch 118/200  train_loss=4.75368  val_L1@15dB=3.17589
  lam=2.2500  epoch 119/200  train_loss=4.71641  val_L1@15dB=3.16302
  lam=2.2500  epoch 120/200  train_loss=4.76624  val_L1@15dB=3.15252
  lam=2.2500  epoch 121/200  train_loss=4.74040  val_L1@15dB=3.16105
  lam=2.2500  epoch 122/200  train_loss=4.69405  val_L1@15dB=3.17175
  lam=2.2500  epoch 123/200  train_loss=4.72851  val_L1@15dB=3.16210
  lam=2.2500  epoch 124/200  train_loss=4.69615  val_L1@15dB=3.17027
  lam=2.2500  epoch 125/200  train_loss=4.74057  val_L1@15dB=3.16166
  lam=2.2500  epoch 126/200  train_loss=4.66631  val_L1@15dB=3.18692
  lam=2.2500  epoch 127/200  train_loss=4.61837  val_L1@15dB=3.16845
  lam=2.2500  epoch 128/200  train_loss=4.60319  val_L1@15dB=3.15651
  lam=2.2500  epoch 129/200  train_loss=4.65665  val_L1@15dB=3.16272
  lam=2.2500  epoch 130/200  train_loss=4.75642  val_L1@15dB=3.13507
  lam=2.2500  epoch 131/200  train_loss=4.59822  val_L1@15dB=3.17139
  lam=2.2500  epoch 132/200  train_loss=4.51381  val_L1@15dB=3.16258
  lam=2.2500  epoch 133/200  train_loss=4.65450  val_L1@15dB=3.14826
  lam=2.2500  epoch 134/200  train_loss=4.61077  val_L1@15dB=3.16820
  lam=2.2500  epoch 135/200  train_loss=4.57172  val_L1@15dB=3.14614
  lam=2.2500  epoch 136/200  train_loss=4.57288  val_L1@15dB=3.17923
  lam=2.2500  epoch 137/200  train_loss=4.60035  val_L1@15dB=3.14764
  lam=2.2500  epoch 138/200  train_loss=4.66549  val_L1@15dB=3.15708
  lam=2.2500  epoch 139/200  train_loss=4.46644  val_L1@15dB=3.14209
  lam=2.2500  epoch 140/200  train_loss=4.78055  val_L1@15dB=3.13571
  lam=2.2500  epoch 141/200  train_loss=4.69375  val_L1@15dB=3.18035
  lam=2.2500  epoch 142/200  train_loss=4.45229  val_L1@15dB=3.12388
  lam=2.2500  epoch 143/200  train_loss=4.46163  val_L1@15dB=3.15795
  lam=2.2500  epoch 144/200  train_loss=4.49285  val_L1@15dB=3.15419
  lam=2.2500  epoch 145/200  train_loss=4.60498  val_L1@15dB=3.12408
  lam=2.2500  epoch 146/200  train_loss=4.46589  val_L1@15dB=3.12850
  lam=2.2500  epoch 147/200  train_loss=4.34794  val_L1@15dB=3.12334
  lam=2.2500  epoch 148/200  train_loss=4.35375  val_L1@15dB=3.15000
  lam=2.2500  epoch 149/200  train_loss=4.36562  val_L1@15dB=3.15253
  lam=2.2500  epoch 150/200  train_loss=4.39352  val_L1@15dB=3.13576
  lam=2.2500  epoch 151/200  train_loss=4.43245  val_L1@15dB=3.13550
  lam=2.2500  epoch 152/200  train_loss=4.38663  val_L1@15dB=3.11588
  lam=2.2500  epoch 153/200  train_loss=4.39788  val_L1@15dB=3.14641
  lam=2.2500  epoch 154/200  train_loss=4.39216  val_L1@15dB=3.14406
  lam=2.2500  epoch 155/200  train_loss=4.53401  val_L1@15dB=3.13662
  lam=2.2500  epoch 156/200  train_loss=4.45346  val_L1@15dB=3.14280
  lam=2.2500  epoch 157/200  train_loss=4.36740  val_L1@15dB=3.17726
  lam=2.2500  epoch 158/200  train_loss=4.38251  val_L1@15dB=3.16005
  lam=2.2500  epoch 159/200  train_loss=4.27811  val_L1@15dB=3.15126
  lam=2.2500  epoch 160/200  train_loss=4.44581  val_L1@15dB=3.12569
  lam=2.2500  epoch 161/200  train_loss=4.46309  val_L1@15dB=3.13734
  lam=2.2500  epoch 162/200  train_loss=4.23381  val_L1@15dB=3.17049
  lam=2.2500  epoch 163/200  train_loss=4.50834  val_L1@15dB=3.12923
  lam=2.2500  epoch 164/200  train_loss=4.55606  val_L1@15dB=3.13661
  lam=2.2500  epoch 165/200  train_loss=4.56203  val_L1@15dB=3.12239
  lam=2.2500  epoch 166/200  train_loss=4.32349  val_L1@15dB=3.12239
  lam=2.2500  epoch 167/200  train_loss=4.33572  val_L1@15dB=3.10953
  lam=2.2500  epoch 168/200  train_loss=4.23443  val_L1@15dB=3.13866
  lam=2.2500  epoch 169/200  train_loss=4.22343  val_L1@15dB=3.14198
  lam=2.2500  epoch 170/200  train_loss=4.12175  val_L1@15dB=3.13892
  lam=2.2500  epoch 171/200  train_loss=4.26274  val_L1@15dB=3.10535
  lam=2.2500  epoch 172/200  train_loss=4.35713  val_L1@15dB=3.13053
  lam=2.2500  epoch 173/200  train_loss=4.40771  val_L1@15dB=3.12875
  lam=2.2500  epoch 174/200  train_loss=4.40044  val_L1@15dB=3.14142
  lam=2.2500  epoch 175/200  train_loss=4.31581  val_L1@15dB=3.15834
  lam=2.2500  epoch 176/200  train_loss=4.21961  val_L1@15dB=3.13181
  lam=2.2500  epoch 177/200  train_loss=4.20080  val_L1@15dB=3.13296
  lam=2.2500  epoch 178/200  train_loss=4.21032  val_L1@15dB=3.18624
  lam=2.2500  epoch 179/200  train_loss=4.18240  val_L1@15dB=3.14799
  lam=2.2500  epoch 180/200  train_loss=4.14618  val_L1@15dB=3.14145
  lam=2.2500  epoch 181/200  train_loss=4.19814  val_L1@15dB=3.15076
  lam=2.2500  epoch 182/200  train_loss=4.25427  val_L1@15dB=3.14976
  lam=2.2500  epoch 183/200  train_loss=4.18075  val_L1@15dB=3.14387
  lam=2.2500  epoch 184/200  train_loss=4.19332  val_L1@15dB=3.11982
  lam=2.2500  epoch 185/200  train_loss=4.19448  val_L1@15dB=3.14663
  lam=2.2500  epoch 186/200  train_loss=4.05450  val_L1@15dB=3.15191
  lam=2.2500  epoch 187/200  train_loss=4.24520  val_L1@15dB=3.14683
  lam=2.2500  epoch 188/200  train_loss=4.20608  val_L1@15dB=3.16669
  lam=2.2500  epoch 189/200  train_loss=4.30263  val_L1@15dB=3.12213
  lam=2.2500  epoch 190/200  train_loss=4.18294  val_L1@15dB=3.15288
  lam=2.2500  epoch 191/200  train_loss=3.95532  val_L1@15dB=3.14481
  lam=2.2500  epoch 192/200  train_loss=4.23224  val_L1@15dB=3.14275
  lam=2.2500  epoch 193/200  train_loss=4.12152  val_L1@15dB=3.11984
  lam=2.2500  epoch 194/200  train_loss=4.18221  val_L1@15dB=3.13955
  lam=2.2500  epoch 195/200  train_loss=4.12538  val_L1@15dB=3.16196
  lam=2.2500  epoch 196/200  train_loss=4.09945  val_L1@15dB=3.16635
  early stop: no val improvement for 25 epochs; stopped at epoch 196, best epoch 171
  lam=2.2500  best_ep=171  best_val=3.10535  wall=472.3s

--- padded_tstar lam = 3.0000 (5/5) ---
  lam=3.0000  epoch 001/200  train_loss=23.77180  val_L1@15dB=4.86170
  lam=3.0000  epoch 002/200  train_loss=19.04963  val_L1@15dB=4.57487
  lam=3.0000  epoch 003/200  train_loss=18.78731  val_L1@15dB=4.60085
  lam=3.0000  epoch 004/200  train_loss=18.58264  val_L1@15dB=4.48479
  lam=3.0000  epoch 005/200  train_loss=17.92628  val_L1@15dB=4.49020
  lam=3.0000  epoch 006/200  train_loss=16.87039  val_L1@15dB=4.42999
  lam=3.0000  epoch 007/200  train_loss=14.25543  val_L1@15dB=4.26557
  lam=3.0000  epoch 008/200  train_loss=13.19505  val_L1@15dB=4.26717
  lam=3.0000  epoch 009/200  train_loss=12.29347  val_L1@15dB=4.10324
  lam=3.0000  epoch 010/200  train_loss=11.95654  val_L1@15dB=4.14140
  lam=3.0000  epoch 011/200  train_loss=11.62643  val_L1@15dB=4.11508
  lam=3.0000  epoch 012/200  train_loss=11.35635  val_L1@15dB=4.11512
  lam=3.0000  epoch 013/200  train_loss=10.88111  val_L1@15dB=3.97170
  lam=3.0000  epoch 014/200  train_loss=10.43631  val_L1@15dB=3.88261
  lam=3.0000  epoch 015/200  train_loss=10.23540  val_L1@15dB=3.81834
  lam=3.0000  epoch 016/200  train_loss=9.70144  val_L1@15dB=3.71817
  lam=3.0000  epoch 017/200  train_loss=9.51500  val_L1@15dB=3.66210
  lam=3.0000  epoch 018/200  train_loss=9.12796  val_L1@15dB=3.58134
  lam=3.0000  epoch 019/200  train_loss=9.06888  val_L1@15dB=3.57302
  lam=3.0000  epoch 020/200  train_loss=8.77407  val_L1@15dB=3.57339
  lam=3.0000  epoch 021/200  train_loss=8.63803  val_L1@15dB=3.59166
  lam=3.0000  epoch 022/200  train_loss=8.55427  val_L1@15dB=3.55572
  lam=3.0000  epoch 023/200  train_loss=8.59290  val_L1@15dB=3.54127
  lam=3.0000  epoch 024/200  train_loss=8.33072  val_L1@15dB=3.50781
  lam=3.0000  epoch 025/200  train_loss=8.20914  val_L1@15dB=3.50818
  lam=3.0000  epoch 026/200  train_loss=7.97160  val_L1@15dB=3.48796
  lam=3.0000  epoch 027/200  train_loss=7.94296  val_L1@15dB=3.46927
  lam=3.0000  epoch 028/200  train_loss=7.85504  val_L1@15dB=3.46116
  lam=3.0000  epoch 029/200  train_loss=7.64821  val_L1@15dB=3.44132
  lam=3.0000  epoch 030/200  train_loss=7.53789  val_L1@15dB=3.41146
  lam=3.0000  epoch 031/200  train_loss=7.56640  val_L1@15dB=3.39900
  lam=3.0000  epoch 032/200  train_loss=7.49829  val_L1@15dB=3.47142
  lam=3.0000  epoch 033/200  train_loss=7.31637  val_L1@15dB=3.38452
  lam=3.0000  epoch 034/200  train_loss=7.31582  val_L1@15dB=3.43110
  lam=3.0000  epoch 035/200  train_loss=7.62337  val_L1@15dB=3.37061
  lam=3.0000  epoch 036/200  train_loss=7.42047  val_L1@15dB=3.39702
  lam=3.0000  epoch 037/200  train_loss=7.10849  val_L1@15dB=3.38985
  lam=3.0000  epoch 038/200  train_loss=6.91658  val_L1@15dB=3.37875
  lam=3.0000  epoch 039/200  train_loss=7.11103  val_L1@15dB=3.41146
  lam=3.0000  epoch 040/200  train_loss=7.02082  val_L1@15dB=3.37893
  lam=3.0000  epoch 041/200  train_loss=6.69647  val_L1@15dB=3.37958
  lam=3.0000  epoch 042/200  train_loss=6.88878  val_L1@15dB=3.31226
  lam=3.0000  epoch 043/200  train_loss=6.77910  val_L1@15dB=3.35201
  lam=3.0000  epoch 044/200  train_loss=6.58808  val_L1@15dB=3.34494
  lam=3.0000  epoch 045/200  train_loss=6.59312  val_L1@15dB=3.32747
  lam=3.0000  epoch 046/200  train_loss=6.50640  val_L1@15dB=3.32403
  lam=3.0000  epoch 047/200  train_loss=6.99875  val_L1@15dB=3.40614
  lam=3.0000  epoch 048/200  train_loss=6.97715  val_L1@15dB=3.31889
  lam=3.0000  epoch 049/200  train_loss=6.61439  val_L1@15dB=3.31061
  lam=3.0000  epoch 050/200  train_loss=6.44461  val_L1@15dB=3.30724
  lam=3.0000  epoch 051/200  train_loss=6.46412  val_L1@15dB=3.29895
  lam=3.0000  epoch 052/200  train_loss=6.54955  val_L1@15dB=3.30979
  lam=3.0000  epoch 053/200  train_loss=6.37198  val_L1@15dB=3.31011
  lam=3.0000  epoch 054/200  train_loss=6.22606  val_L1@15dB=3.30563
  lam=3.0000  epoch 055/200  train_loss=6.30032  val_L1@15dB=3.30746
  lam=3.0000  epoch 056/200  train_loss=6.20484  val_L1@15dB=3.30090
  lam=3.0000  epoch 057/200  train_loss=6.12285  val_L1@15dB=3.29892
  lam=3.0000  epoch 058/200  train_loss=6.22205  val_L1@15dB=3.29681
  lam=3.0000  epoch 059/200  train_loss=6.12735  val_L1@15dB=3.26323
  lam=3.0000  epoch 060/200  train_loss=6.07260  val_L1@15dB=3.29248
  lam=3.0000  epoch 061/200  train_loss=5.97121  val_L1@15dB=3.25553
  lam=3.0000  epoch 062/200  train_loss=6.26410  val_L1@15dB=3.23792
  lam=3.0000  epoch 063/200  train_loss=6.01784  val_L1@15dB=3.28250
  lam=3.0000  epoch 064/200  train_loss=6.07655  val_L1@15dB=3.24906
  lam=3.0000  epoch 065/200  train_loss=6.22021  val_L1@15dB=3.25921
  lam=3.0000  epoch 066/200  train_loss=5.86385  val_L1@15dB=3.24229
  lam=3.0000  epoch 067/200  train_loss=5.82409  val_L1@15dB=3.23758
  lam=3.0000  epoch 068/200  train_loss=5.77292  val_L1@15dB=3.24151
  lam=3.0000  epoch 069/200  train_loss=5.76247  val_L1@15dB=3.17987
  lam=3.0000  epoch 070/200  train_loss=5.83099  val_L1@15dB=3.20764
  lam=3.0000  epoch 071/200  train_loss=5.90066  val_L1@15dB=3.22668
  lam=3.0000  epoch 072/200  train_loss=5.82631  val_L1@15dB=3.22394
  lam=3.0000  epoch 073/200  train_loss=5.79736  val_L1@15dB=3.21726
  lam=3.0000  epoch 074/200  train_loss=5.72188  val_L1@15dB=3.22912
  lam=3.0000  epoch 075/200  train_loss=5.83118  val_L1@15dB=3.20979
  lam=3.0000  epoch 076/200  train_loss=5.79305  val_L1@15dB=3.27444
  lam=3.0000  epoch 077/200  train_loss=5.71256  val_L1@15dB=3.18367
  lam=3.0000  epoch 078/200  train_loss=5.53580  val_L1@15dB=3.19359
  lam=3.0000  epoch 079/200  train_loss=5.64671  val_L1@15dB=3.21391
  lam=3.0000  epoch 080/200  train_loss=5.61844  val_L1@15dB=3.18319
  lam=3.0000  epoch 081/200  train_loss=5.63683  val_L1@15dB=3.18872
  lam=3.0000  epoch 082/200  train_loss=5.51350  val_L1@15dB=3.20152
  lam=3.0000  epoch 083/200  train_loss=5.74888  val_L1@15dB=3.18313
  lam=3.0000  epoch 084/200  train_loss=5.58402  val_L1@15dB=3.20764
  lam=3.0000  epoch 085/200  train_loss=5.50631  val_L1@15dB=3.17243
  lam=3.0000  epoch 086/200  train_loss=5.31693  val_L1@15dB=3.17633
  lam=3.0000  epoch 087/200  train_loss=5.23102  val_L1@15dB=3.18049
  lam=3.0000  epoch 088/200  train_loss=5.32909  val_L1@15dB=3.19244
  lam=3.0000  epoch 089/200  train_loss=5.44190  val_L1@15dB=3.18359
  lam=3.0000  epoch 090/200  train_loss=5.43733  val_L1@15dB=3.16844
  lam=3.0000  epoch 091/200  train_loss=5.59173  val_L1@15dB=3.21519
  lam=3.0000  epoch 092/200  train_loss=5.69531  val_L1@15dB=3.19664
  lam=3.0000  epoch 093/200  train_loss=5.53040  val_L1@15dB=3.18443
  lam=3.0000  epoch 094/200  train_loss=5.68894  val_L1@15dB=3.19300
  lam=3.0000  epoch 095/200  train_loss=5.39094  val_L1@15dB=3.15424
  lam=3.0000  epoch 096/200  train_loss=5.27349  val_L1@15dB=3.19080
  lam=3.0000  epoch 097/200  train_loss=5.39811  val_L1@15dB=3.17842
  lam=3.0000  epoch 098/200  train_loss=5.07868  val_L1@15dB=3.14280
  lam=3.0000  epoch 099/200  train_loss=5.19778  val_L1@15dB=3.15255
  lam=3.0000  epoch 100/200  train_loss=5.26774  val_L1@15dB=3.17513
  lam=3.0000  epoch 101/200  train_loss=5.19123  val_L1@15dB=3.16926
  lam=3.0000  epoch 102/200  train_loss=5.03787  val_L1@15dB=3.14198
  lam=3.0000  epoch 103/200  train_loss=5.23926  val_L1@15dB=3.21326
  lam=3.0000  epoch 104/200  train_loss=5.12062  val_L1@15dB=3.19859
  lam=3.0000  epoch 105/200  train_loss=5.19202  val_L1@15dB=3.20357
  lam=3.0000  epoch 106/200  train_loss=5.60331  val_L1@15dB=3.15254
  lam=3.0000  epoch 107/200  train_loss=5.22395  val_L1@15dB=3.15997
  lam=3.0000  epoch 108/200  train_loss=5.33136  val_L1@15dB=3.17062
  lam=3.0000  epoch 109/200  train_loss=5.38360  val_L1@15dB=3.16320
  lam=3.0000  epoch 110/200  train_loss=5.14229  val_L1@15dB=3.14997
  lam=3.0000  epoch 111/200  train_loss=5.43611  val_L1@15dB=3.17439
  lam=3.0000  epoch 112/200  train_loss=5.34235  val_L1@15dB=3.14915
  lam=3.0000  epoch 113/200  train_loss=4.91745  val_L1@15dB=3.15565
  lam=3.0000  epoch 114/200  train_loss=5.03386  val_L1@15dB=3.15093
  lam=3.0000  epoch 115/200  train_loss=5.08406  val_L1@15dB=3.20142
  lam=3.0000  epoch 116/200  train_loss=4.98377  val_L1@15dB=3.16229
  lam=3.0000  epoch 117/200  train_loss=4.98401  val_L1@15dB=3.13828
  lam=3.0000  epoch 118/200  train_loss=5.00137  val_L1@15dB=3.15051
  lam=3.0000  epoch 119/200  train_loss=5.10427  val_L1@15dB=3.11439
  lam=3.0000  epoch 120/200  train_loss=5.08661  val_L1@15dB=3.17080
  lam=3.0000  epoch 121/200  train_loss=4.80135  val_L1@15dB=3.13122
  lam=3.0000  epoch 122/200  train_loss=4.80379  val_L1@15dB=3.14488
  lam=3.0000  epoch 123/200  train_loss=4.91173  val_L1@15dB=3.14773
  lam=3.0000  epoch 124/200  train_loss=4.77033  val_L1@15dB=3.12669
  lam=3.0000  epoch 125/200  train_loss=4.91267  val_L1@15dB=3.14431
  lam=3.0000  epoch 126/200  train_loss=5.04668  val_L1@15dB=3.14271
  lam=3.0000  epoch 127/200  train_loss=5.10553  val_L1@15dB=3.17997
  lam=3.0000  epoch 128/200  train_loss=5.09105  val_L1@15dB=3.10401
  lam=3.0000  epoch 129/200  train_loss=4.93441  val_L1@15dB=3.13830
  lam=3.0000  epoch 130/200  train_loss=5.12088  val_L1@15dB=3.17442
  lam=3.0000  epoch 131/200  train_loss=5.14211  val_L1@15dB=3.12553
  lam=3.0000  epoch 132/200  train_loss=4.77285  val_L1@15dB=3.13099
  lam=3.0000  epoch 133/200  train_loss=4.96874  val_L1@15dB=3.10656
  lam=3.0000  epoch 134/200  train_loss=4.94883  val_L1@15dB=3.17854
  lam=3.0000  epoch 135/200  train_loss=4.78744  val_L1@15dB=3.14128
  lam=3.0000  epoch 136/200  train_loss=4.84970  val_L1@15dB=3.12551
  lam=3.0000  epoch 137/200  train_loss=4.80489  val_L1@15dB=3.11507
  lam=3.0000  epoch 138/200  train_loss=5.07160  val_L1@15dB=3.09842
  lam=3.0000  epoch 139/200  train_loss=4.97537  val_L1@15dB=3.09872
  lam=3.0000  epoch 140/200  train_loss=4.67368  val_L1@15dB=3.14075
  lam=3.0000  epoch 141/200  train_loss=4.85554  val_L1@15dB=3.10086
  lam=3.0000  epoch 142/200  train_loss=4.76196  val_L1@15dB=3.10367
  lam=3.0000  epoch 143/200  train_loss=4.62854  val_L1@15dB=3.08758
  lam=3.0000  epoch 144/200  train_loss=4.84367  val_L1@15dB=3.12752
  lam=3.0000  epoch 145/200  train_loss=5.17802  val_L1@15dB=3.18408
  lam=3.0000  epoch 146/200  train_loss=4.83235  val_L1@15dB=3.10438
  lam=3.0000  epoch 147/200  train_loss=4.55841  val_L1@15dB=3.13704
  lam=3.0000  epoch 148/200  train_loss=4.71391  val_L1@15dB=3.13817
  lam=3.0000  epoch 149/200  train_loss=4.76071  val_L1@15dB=3.14225
  lam=3.0000  epoch 150/200  train_loss=4.80330  val_L1@15dB=3.12036
  lam=3.0000  epoch 151/200  train_loss=4.59959  val_L1@15dB=3.07788
  lam=3.0000  epoch 152/200  train_loss=4.76144  val_L1@15dB=3.08161
  lam=3.0000  epoch 153/200  train_loss=4.73488  val_L1@15dB=3.09630
  lam=3.0000  epoch 154/200  train_loss=4.90585  val_L1@15dB=3.13842
  lam=3.0000  epoch 155/200  train_loss=4.85523  val_L1@15dB=3.13536
  lam=3.0000  epoch 156/200  train_loss=4.71976  val_L1@15dB=3.12165
  lam=3.0000  epoch 157/200  train_loss=4.75205  val_L1@15dB=3.11173
  lam=3.0000  epoch 158/200  train_loss=4.71946  val_L1@15dB=3.09215
  lam=3.0000  epoch 159/200  train_loss=4.69697  val_L1@15dB=3.11129
  lam=3.0000  epoch 160/200  train_loss=4.48442  val_L1@15dB=3.11597
  lam=3.0000  epoch 161/200  train_loss=4.64741  val_L1@15dB=3.08950
  lam=3.0000  epoch 162/200  train_loss=4.70059  val_L1@15dB=3.07834
  lam=3.0000  epoch 163/200  train_loss=4.49520  val_L1@15dB=3.10887
  lam=3.0000  epoch 164/200  train_loss=4.63399  val_L1@15dB=3.12227
  lam=3.0000  epoch 165/200  train_loss=4.81826  val_L1@15dB=3.11527
  lam=3.0000  epoch 166/200  train_loss=4.67271  val_L1@15dB=3.10017
  lam=3.0000  epoch 167/200  train_loss=4.66322  val_L1@15dB=3.09689
  lam=3.0000  epoch 168/200  train_loss=4.48188  val_L1@15dB=3.11115
  lam=3.0000  epoch 169/200  train_loss=4.53149  val_L1@15dB=3.09554
  lam=3.0000  epoch 170/200  train_loss=4.63405  val_L1@15dB=3.12281
  lam=3.0000  epoch 171/200  train_loss=4.52904  val_L1@15dB=3.11500
  lam=3.0000  epoch 172/200  train_loss=4.63236  val_L1@15dB=3.12111
  lam=3.0000  epoch 173/200  train_loss=4.49948  val_L1@15dB=3.10656
  lam=3.0000  epoch 174/200  train_loss=4.42750  val_L1@15dB=3.10972
  lam=3.0000  epoch 175/200  train_loss=4.62617  val_L1@15dB=3.08823
  lam=3.0000  epoch 176/200  train_loss=4.72359  val_L1@15dB=3.10525
  early stop: no val improvement for 25 epochs; stopped at epoch 176, best epoch 151
  lam=3.0000  best_ep=151  best_val=3.07788  wall=421.5s

[padded_tstar] lambda* = 0.0000  (best val L1 = 3.00234)
[padded_tstar] baseline λ = 0.0000  (best val L1 = 3.00234)

======== exp_a_ablation_plain_tstar | device=cuda ========
note: t* only (plain FROG)
pulses: T=100.0 spikes=30 σ_spike=2.5 σ_tc=5.73 canon=tstar frog=plain
trace_scale = 8.3003

--- plain_tstar lam = 0.0000 (1/5) ---
  lam=0.0000  epoch 001/200  train_loss=4.75304  val_L1@15dB=4.05888
  lam=0.0000  epoch 002/200  train_loss=4.05710  val_L1@15dB=3.98130
  lam=0.0000  epoch 003/200  train_loss=3.99122  val_L1@15dB=3.92545
  lam=0.0000  epoch 004/200  train_loss=3.95024  val_L1@15dB=3.85590
  lam=0.0000  epoch 005/200  train_loss=3.82605  val_L1@15dB=3.68065
  lam=0.0000  epoch 006/200  train_loss=3.69384  val_L1@15dB=3.56984
  lam=0.0000  epoch 007/200  train_loss=3.58013  val_L1@15dB=3.49621
  lam=0.0000  epoch 008/200  train_loss=3.54017  val_L1@15dB=3.48455
  lam=0.0000  epoch 009/200  train_loss=3.49371  val_L1@15dB=3.43345
  lam=0.0000  epoch 010/200  train_loss=3.44627  val_L1@15dB=3.39644
  lam=0.0000  epoch 011/200  train_loss=3.39909  val_L1@15dB=3.31371
  lam=0.0000  epoch 012/200  train_loss=3.35632  val_L1@15dB=3.28803
  lam=0.0000  epoch 013/200  train_loss=3.30931  val_L1@15dB=3.23756
  lam=0.0000  epoch 014/200  train_loss=3.29510  val_L1@15dB=3.24989
  lam=0.0000  epoch 015/200  train_loss=3.28086  val_L1@15dB=3.19845
  lam=0.0000  epoch 016/200  train_loss=3.23461  val_L1@15dB=3.17868
  lam=0.0000  epoch 017/200  train_loss=3.23309  val_L1@15dB=3.21304
  lam=0.0000  epoch 018/200  train_loss=3.18506  val_L1@15dB=3.18550
  lam=0.0000  epoch 019/200  train_loss=3.16919  val_L1@15dB=3.15396
  lam=0.0000  epoch 020/200  train_loss=3.13245  val_L1@15dB=3.23799
  lam=0.0000  epoch 021/200  train_loss=3.15235  val_L1@15dB=3.17077
  lam=0.0000  epoch 022/200  train_loss=3.07406  val_L1@15dB=3.16350
  lam=0.0000  epoch 023/200  train_loss=3.06205  val_L1@15dB=3.17223
  lam=0.0000  epoch 024/200  train_loss=3.02641  val_L1@15dB=3.14506
  lam=0.0000  epoch 025/200  train_loss=2.99710  val_L1@15dB=3.13950
  lam=0.0000  epoch 026/200  train_loss=2.95063  val_L1@15dB=3.10750
  lam=0.0000  epoch 027/200  train_loss=2.89008  val_L1@15dB=3.15704
  lam=0.0000  epoch 028/200  train_loss=2.87084  val_L1@15dB=3.08974
  lam=0.0000  epoch 029/200  train_loss=2.84922  val_L1@15dB=3.15373
  lam=0.0000  epoch 030/200  train_loss=2.80146  val_L1@15dB=3.18576
  lam=0.0000  epoch 031/200  train_loss=2.74482  val_L1@15dB=3.14070
  lam=0.0000  epoch 032/200  train_loss=2.71263  val_L1@15dB=3.14523
  lam=0.0000  epoch 033/200  train_loss=2.71700  val_L1@15dB=3.18462
  lam=0.0000  epoch 034/200  train_loss=2.65736  val_L1@15dB=3.25271
  lam=0.0000  epoch 035/200  train_loss=2.61909  val_L1@15dB=3.17779
  lam=0.0000  epoch 036/200  train_loss=2.54737  val_L1@15dB=3.19664
  lam=0.0000  epoch 037/200  train_loss=2.45139  val_L1@15dB=3.18654
  lam=0.0000  epoch 038/200  train_loss=2.41968  val_L1@15dB=3.22054
  lam=0.0000  epoch 039/200  train_loss=2.41285  val_L1@15dB=3.25244
  lam=0.0000  epoch 040/200  train_loss=2.30066  val_L1@15dB=3.16882
  lam=0.0000  epoch 041/200  train_loss=2.33440  val_L1@15dB=3.21857
  lam=0.0000  epoch 042/200  train_loss=2.24253  val_L1@15dB=3.20191
  lam=0.0000  epoch 043/200  train_loss=2.16972  val_L1@15dB=3.28582
  lam=0.0000  epoch 044/200  train_loss=2.18334  val_L1@15dB=3.25113
  lam=0.0000  epoch 045/200  train_loss=2.13443  val_L1@15dB=3.28611
  lam=0.0000  epoch 046/200  train_loss=2.03753  val_L1@15dB=3.23232
  lam=0.0000  epoch 047/200  train_loss=2.05156  val_L1@15dB=3.20227
  lam=0.0000  epoch 048/200  train_loss=1.97123  val_L1@15dB=3.21641
  lam=0.0000  epoch 049/200  train_loss=1.93054  val_L1@15dB=3.20634
  lam=0.0000  epoch 050/200  train_loss=1.90477  val_L1@15dB=3.28241
  lam=0.0000  epoch 051/200  train_loss=1.83319  val_L1@15dB=3.26191
  lam=0.0000  epoch 052/200  train_loss=1.83410  val_L1@15dB=3.27332
  lam=0.0000  epoch 053/200  train_loss=1.77328  val_L1@15dB=3.34195
  early stop: no val improvement for 25 epochs; stopped at epoch 53, best epoch 28
  lam=0.0000  best_ep=28  best_val=3.08974  wall=99.8s

--- plain_tstar lam = 0.7500 (2/5) ---
  lam=0.7500  epoch 001/200  train_loss=9.54433  val_L1@15dB=4.18332
  lam=0.7500  epoch 002/200  train_loss=7.78873  val_L1@15dB=4.07782
  lam=0.7500  epoch 003/200  train_loss=7.04262  val_L1@15dB=3.89836
  lam=0.7500  epoch 004/200  train_loss=6.57959  val_L1@15dB=3.84305
  lam=0.7500  epoch 005/200  train_loss=6.24817  val_L1@15dB=3.70813
  lam=0.7500  epoch 006/200  train_loss=5.96061  val_L1@15dB=3.70326
  lam=0.7500  epoch 007/200  train_loss=5.74003  val_L1@15dB=3.66516
  lam=0.7500  epoch 008/200  train_loss=5.56811  val_L1@15dB=3.56785
  lam=0.7500  epoch 009/200  train_loss=5.50161  val_L1@15dB=3.58939
  lam=0.7500  epoch 010/200  train_loss=5.34806  val_L1@15dB=3.45955
  lam=0.7500  epoch 011/200  train_loss=5.22960  val_L1@15dB=3.48108
  lam=0.7500  epoch 012/200  train_loss=5.19665  val_L1@15dB=3.42507
  lam=0.7500  epoch 013/200  train_loss=5.09408  val_L1@15dB=3.43603
  lam=0.7500  epoch 014/200  train_loss=4.97360  val_L1@15dB=3.39764
  lam=0.7500  epoch 015/200  train_loss=4.96305  val_L1@15dB=3.41404
  lam=0.7500  epoch 016/200  train_loss=4.96637  val_L1@15dB=3.41287
  lam=0.7500  epoch 017/200  train_loss=4.97201  val_L1@15dB=3.33656
  lam=0.7500  epoch 018/200  train_loss=4.78289  val_L1@15dB=3.33072
  lam=0.7500  epoch 019/200  train_loss=4.72371  val_L1@15dB=3.29393
  lam=0.7500  epoch 020/200  train_loss=4.67469  val_L1@15dB=3.32042
  lam=0.7500  epoch 021/200  train_loss=4.64190  val_L1@15dB=3.28303
  lam=0.7500  epoch 022/200  train_loss=4.60574  val_L1@15dB=3.22858
  lam=0.7500  epoch 023/200  train_loss=4.61305  val_L1@15dB=3.26724
  lam=0.7500  epoch 024/200  train_loss=4.56149  val_L1@15dB=3.31673
  lam=0.7500  epoch 025/200  train_loss=4.49829  val_L1@15dB=3.25249
  lam=0.7500  epoch 026/200  train_loss=4.41054  val_L1@15dB=3.25193
  lam=0.7500  epoch 027/200  train_loss=4.36921  val_L1@15dB=3.27934
  lam=0.7500  epoch 028/200  train_loss=4.39979  val_L1@15dB=3.24382
  lam=0.7500  epoch 029/200  train_loss=4.34663  val_L1@15dB=3.22728
  lam=0.7500  epoch 030/200  train_loss=4.34042  val_L1@15dB=3.25805
  lam=0.7500  epoch 031/200  train_loss=4.23703  val_L1@15dB=3.24711
  lam=0.7500  epoch 032/200  train_loss=4.24634  val_L1@15dB=3.21141
  lam=0.7500  epoch 033/200  train_loss=4.18432  val_L1@15dB=3.19361
  lam=0.7500  epoch 034/200  train_loss=4.19767  val_L1@15dB=3.18697
  lam=0.7500  epoch 035/200  train_loss=4.15187  val_L1@15dB=3.21218
  lam=0.7500  epoch 036/200  train_loss=4.06040  val_L1@15dB=3.20257
  lam=0.7500  epoch 037/200  train_loss=4.05404  val_L1@15dB=3.21258
  lam=0.7500  epoch 038/200  train_loss=3.96312  val_L1@15dB=3.16481
  lam=0.7500  epoch 039/200  train_loss=4.02583  val_L1@15dB=3.21151
  lam=0.7500  epoch 040/200  train_loss=3.97748  val_L1@15dB=3.15538
  lam=0.7500  epoch 041/200  train_loss=3.91884  val_L1@15dB=3.21976
  lam=0.7500  epoch 042/200  train_loss=3.93880  val_L1@15dB=3.20838
  lam=0.7500  epoch 043/200  train_loss=3.83464  val_L1@15dB=3.20147
  lam=0.7500  epoch 044/200  train_loss=3.81391  val_L1@15dB=3.17926
  lam=0.7500  epoch 045/200  train_loss=3.78475  val_L1@15dB=3.16807
  lam=0.7500  epoch 046/200  train_loss=3.70982  val_L1@15dB=3.13284
  lam=0.7500  epoch 047/200  train_loss=3.70423  val_L1@15dB=3.17162
  lam=0.7500  epoch 048/200  train_loss=3.72572  val_L1@15dB=3.15016
  lam=0.7500  epoch 049/200  train_loss=3.67436  val_L1@15dB=3.15731
  lam=0.7500  epoch 050/200  train_loss=3.65993  val_L1@15dB=3.17035
  lam=0.7500  epoch 051/200  train_loss=3.57507  val_L1@15dB=3.17441
  lam=0.7500  epoch 052/200  train_loss=3.63734  val_L1@15dB=3.24282
  lam=0.7500  epoch 053/200  train_loss=3.52295  val_L1@15dB=3.19421
  lam=0.7500  epoch 054/200  train_loss=3.47196  val_L1@15dB=3.12233
  lam=0.7500  epoch 055/200  train_loss=3.47313  val_L1@15dB=3.15129
  lam=0.7500  epoch 056/200  train_loss=3.48315  val_L1@15dB=3.23621
  lam=0.7500  epoch 057/200  train_loss=3.36436  val_L1@15dB=3.18905
  lam=0.7500  epoch 058/200  train_loss=3.43970  val_L1@15dB=3.21576
  lam=0.7500  epoch 059/200  train_loss=3.36140  val_L1@15dB=3.20126
  lam=0.7500  epoch 060/200  train_loss=3.34459  val_L1@15dB=3.19443
  lam=0.7500  epoch 061/200  train_loss=3.36226  val_L1@15dB=3.22644
  lam=0.7500  epoch 062/200  train_loss=3.24283  val_L1@15dB=3.25941
  lam=0.7500  epoch 063/200  train_loss=3.25862  val_L1@15dB=3.20478
  lam=0.7500  epoch 064/200  train_loss=3.27402  val_L1@15dB=3.22114
  lam=0.7500  epoch 065/200  train_loss=3.08694  val_L1@15dB=3.16023
  lam=0.7500  epoch 066/200  train_loss=3.14808  val_L1@15dB=3.18797
  lam=0.7500  epoch 067/200  train_loss=3.05874  val_L1@15dB=3.15828
  lam=0.7500  epoch 068/200  train_loss=3.08130  val_L1@15dB=3.21895
  lam=0.7500  epoch 069/200  train_loss=3.08681  val_L1@15dB=3.23947
  lam=0.7500  epoch 070/200  train_loss=3.09280  val_L1@15dB=3.24234
  lam=0.7500  epoch 071/200  train_loss=3.22052  val_L1@15dB=3.20512
  lam=0.7500  epoch 072/200  train_loss=3.14217  val_L1@15dB=3.36906
  lam=0.7500  epoch 073/200  train_loss=2.94427  val_L1@15dB=3.19737
  lam=0.7500  epoch 074/200  train_loss=2.98647  val_L1@15dB=3.23634
  lam=0.7500  epoch 075/200  train_loss=2.93628  val_L1@15dB=3.24477
  lam=0.7500  epoch 076/200  train_loss=2.90389  val_L1@15dB=3.21275
  lam=0.7500  epoch 077/200  train_loss=2.81867  val_L1@15dB=3.21164
  lam=0.7500  epoch 078/200  train_loss=2.75306  val_L1@15dB=3.22283
  lam=0.7500  epoch 079/200  train_loss=2.78346  val_L1@15dB=3.21556
  early stop: no val improvement for 25 epochs; stopped at epoch 79, best epoch 54
  lam=0.7500  best_ep=54  best_val=3.12233  wall=188.9s

--- plain_tstar lam = 1.5000 (3/5) ---
  lam=1.5000  epoch 001/200  train_loss=14.23947  val_L1@15dB=4.56729
  lam=1.5000  epoch 002/200  train_loss=11.66619  val_L1@15dB=4.29692
  lam=1.5000  epoch 003/200  train_loss=10.34521  val_L1@15dB=4.15402
  lam=1.5000  epoch 004/200  train_loss=9.39774  val_L1@15dB=4.07113
  lam=1.5000  epoch 005/200  train_loss=8.98678  val_L1@15dB=3.98842
  lam=1.5000  epoch 006/200  train_loss=8.78400  val_L1@15dB=4.00107
  lam=1.5000  epoch 007/200  train_loss=8.24904  val_L1@15dB=3.91612
  lam=1.5000  epoch 008/200  train_loss=7.95177  val_L1@15dB=3.89785
  lam=1.5000  epoch 009/200  train_loss=7.63639  val_L1@15dB=3.80814
  lam=1.5000  epoch 010/200  train_loss=7.39794  val_L1@15dB=3.73445
  lam=1.5000  epoch 011/200  train_loss=7.15481  val_L1@15dB=3.67476
  lam=1.5000  epoch 012/200  train_loss=6.98975  val_L1@15dB=3.66173
  lam=1.5000  epoch 013/200  train_loss=6.87353  val_L1@15dB=3.64798
  lam=1.5000  epoch 014/200  train_loss=6.74511  val_L1@15dB=3.56717
  lam=1.5000  epoch 015/200  train_loss=6.63527  val_L1@15dB=3.59527
  lam=1.5000  epoch 016/200  train_loss=6.56792  val_L1@15dB=3.58994
  lam=1.5000  epoch 017/200  train_loss=6.52949  val_L1@15dB=3.60310
  lam=1.5000  epoch 018/200  train_loss=6.36350  val_L1@15dB=3.49707
  lam=1.5000  epoch 019/200  train_loss=6.29755  val_L1@15dB=3.54207
  lam=1.5000  epoch 020/200  train_loss=6.17377  val_L1@15dB=3.48783
  lam=1.5000  epoch 021/200  train_loss=6.13884  val_L1@15dB=3.46841
  lam=1.5000  epoch 022/200  train_loss=5.99918  val_L1@15dB=3.45269
  lam=1.5000  epoch 023/200  train_loss=5.93614  val_L1@15dB=3.45553
  lam=1.5000  epoch 024/200  train_loss=6.03249  val_L1@15dB=3.42251
  lam=1.5000  epoch 025/200  train_loss=5.89656  val_L1@15dB=3.40151
  lam=1.5000  epoch 026/200  train_loss=5.87454  val_L1@15dB=3.40331
  lam=1.5000  epoch 027/200  train_loss=5.73493  val_L1@15dB=3.39673
  lam=1.5000  epoch 028/200  train_loss=5.70806  val_L1@15dB=3.39145
  lam=1.5000  epoch 029/200  train_loss=5.67619  val_L1@15dB=3.35307
  lam=1.5000  epoch 030/200  train_loss=5.62947  val_L1@15dB=3.35271
  lam=1.5000  epoch 031/200  train_loss=5.57764  val_L1@15dB=3.39230
  lam=1.5000  epoch 032/200  train_loss=5.46981  val_L1@15dB=3.31660
  lam=1.5000  epoch 033/200  train_loss=5.56788  val_L1@15dB=3.36352
  lam=1.5000  epoch 034/200  train_loss=5.43637  val_L1@15dB=3.31934
  lam=1.5000  epoch 035/200  train_loss=5.43413  val_L1@15dB=3.36514
  lam=1.5000  epoch 036/200  train_loss=5.40094  val_L1@15dB=3.38411
  lam=1.5000  epoch 037/200  train_loss=5.54184  val_L1@15dB=3.33140
  lam=1.5000  epoch 038/200  train_loss=5.43509  val_L1@15dB=3.33584
  lam=1.5000  epoch 039/200  train_loss=5.31807  val_L1@15dB=3.32168
  lam=1.5000  epoch 040/200  train_loss=5.16405  val_L1@15dB=3.27631
  lam=1.5000  epoch 041/200  train_loss=5.16094  val_L1@15dB=3.30028
  lam=1.5000  epoch 042/200  train_loss=5.10998  val_L1@15dB=3.28647
  lam=1.5000  epoch 043/200  train_loss=5.13086  val_L1@15dB=3.27668
  lam=1.5000  epoch 044/200  train_loss=5.11573  val_L1@15dB=3.31269
  lam=1.5000  epoch 045/200  train_loss=5.03800  val_L1@15dB=3.25332
  lam=1.5000  epoch 046/200  train_loss=4.97238  val_L1@15dB=3.26254
  lam=1.5000  epoch 047/200  train_loss=5.06013  val_L1@15dB=3.29265
  lam=1.5000  epoch 048/200  train_loss=5.01308  val_L1@15dB=3.26042
  lam=1.5000  epoch 049/200  train_loss=4.90465  val_L1@15dB=3.25442
  lam=1.5000  epoch 050/200  train_loss=4.91384  val_L1@15dB=3.27750
  lam=1.5000  epoch 051/200  train_loss=4.97351  val_L1@15dB=3.29839
  lam=1.5000  epoch 052/200  train_loss=4.86983  val_L1@15dB=3.24945
  lam=1.5000  epoch 053/200  train_loss=4.90686  val_L1@15dB=3.26354
  lam=1.5000  epoch 054/200  train_loss=4.89239  val_L1@15dB=3.24287
  lam=1.5000  epoch 055/200  train_loss=4.96391  val_L1@15dB=3.28810
  lam=1.5000  epoch 056/200  train_loss=4.79729  val_L1@15dB=3.24200
  lam=1.5000  epoch 057/200  train_loss=4.88758  val_L1@15dB=3.21942
  lam=1.5000  epoch 058/200  train_loss=4.84380  val_L1@15dB=3.28629
  lam=1.5000  epoch 059/200  train_loss=4.88249  val_L1@15dB=3.22546
  lam=1.5000  epoch 060/200  train_loss=4.84996  val_L1@15dB=3.25535
  lam=1.5000  epoch 061/200  train_loss=4.67199  val_L1@15dB=3.22319
  lam=1.5000  epoch 062/200  train_loss=4.63103  val_L1@15dB=3.25055
  lam=1.5000  epoch 063/200  train_loss=4.70875  val_L1@15dB=3.25907
  lam=1.5000  epoch 064/200  train_loss=4.61239  val_L1@15dB=3.24488
  lam=1.5000  epoch 065/200  train_loss=4.57447  val_L1@15dB=3.22109
  lam=1.5000  epoch 066/200  train_loss=4.52317  val_L1@15dB=3.23799
  lam=1.5000  epoch 067/200  train_loss=4.53876  val_L1@15dB=3.24348
  lam=1.5000  epoch 068/200  train_loss=4.53262  val_L1@15dB=3.24626
  lam=1.5000  epoch 069/200  train_loss=4.45975  val_L1@15dB=3.23404
  lam=1.5000  epoch 070/200  train_loss=4.46483  val_L1@15dB=3.21255
  lam=1.5000  epoch 071/200  train_loss=4.42513  val_L1@15dB=3.20981
  lam=1.5000  epoch 072/200  train_loss=4.38875  val_L1@15dB=3.22951
  lam=1.5000  epoch 073/200  train_loss=4.48714  val_L1@15dB=3.24352
  lam=1.5000  epoch 074/200  train_loss=4.35839  val_L1@15dB=3.20100
  lam=1.5000  epoch 075/200  train_loss=4.58156  val_L1@15dB=3.24041
  lam=1.5000  epoch 076/200  train_loss=4.46151  val_L1@15dB=3.17368
  lam=1.5000  epoch 077/200  train_loss=4.39913  val_L1@15dB=3.21336
  lam=1.5000  epoch 078/200  train_loss=4.32121  val_L1@15dB=3.20012
  lam=1.5000  epoch 079/200  train_loss=4.38312  val_L1@15dB=3.17653
  lam=1.5000  epoch 080/200  train_loss=4.33074  val_L1@15dB=3.19076
  lam=1.5000  epoch 081/200  train_loss=4.36604  val_L1@15dB=3.20415
  lam=1.5000  epoch 082/200  train_loss=4.25830  val_L1@15dB=3.22733
  lam=1.5000  epoch 083/200  train_loss=4.24716  val_L1@15dB=3.21399
  lam=1.5000  epoch 084/200  train_loss=4.21019  val_L1@15dB=3.22248
  lam=1.5000  epoch 085/200  train_loss=4.31224  val_L1@15dB=3.19007
  lam=1.5000  epoch 086/200  train_loss=4.29183  val_L1@15dB=3.18367
  lam=1.5000  epoch 087/200  train_loss=4.14104  val_L1@15dB=3.17437
  lam=1.5000  epoch 088/200  train_loss=4.20077  val_L1@15dB=3.20709
  lam=1.5000  epoch 089/200  train_loss=4.18738  val_L1@15dB=3.17821
  lam=1.5000  epoch 090/200  train_loss=4.08274  val_L1@15dB=3.22277
  lam=1.5000  epoch 091/200  train_loss=4.12442  val_L1@15dB=3.22715
  lam=1.5000  epoch 092/200  train_loss=4.29204  val_L1@15dB=3.20995
  lam=1.5000  epoch 093/200  train_loss=4.20700  val_L1@15dB=3.20495
  lam=1.5000  epoch 094/200  train_loss=4.09121  val_L1@15dB=3.19067
  lam=1.5000  epoch 095/200  train_loss=3.96067  val_L1@15dB=3.16747
  lam=1.5000  epoch 096/200  train_loss=4.00366  val_L1@15dB=3.17202
  lam=1.5000  epoch 097/200  train_loss=3.89038  val_L1@15dB=3.15731
  lam=1.5000  epoch 098/200  train_loss=3.86583  val_L1@15dB=3.17934
  lam=1.5000  epoch 099/200  train_loss=3.92295  val_L1@15dB=3.15907
  lam=1.5000  epoch 100/200  train_loss=3.91545  val_L1@15dB=3.16752
  lam=1.5000  epoch 101/200  train_loss=3.82714  val_L1@15dB=3.13538
  lam=1.5000  epoch 102/200  train_loss=3.90070  val_L1@15dB=3.18353
  lam=1.5000  epoch 103/200  train_loss=3.95441  val_L1@15dB=3.19399
  lam=1.5000  epoch 104/200  train_loss=3.95657  val_L1@15dB=3.17617
  lam=1.5000  epoch 105/200  train_loss=3.92539  val_L1@15dB=3.15336
  lam=1.5000  epoch 106/200  train_loss=4.03465  val_L1@15dB=3.17548
  lam=1.5000  epoch 107/200  train_loss=3.96463  val_L1@15dB=3.16596
  lam=1.5000  epoch 108/200  train_loss=4.11059  val_L1@15dB=3.14580
  lam=1.5000  epoch 109/200  train_loss=3.90259  val_L1@15dB=3.13995
  lam=1.5000  epoch 110/200  train_loss=3.90482  val_L1@15dB=3.16729
  lam=1.5000  epoch 111/200  train_loss=3.88696  val_L1@15dB=3.15409
  lam=1.5000  epoch 112/200  train_loss=3.80299  val_L1@15dB=3.15194
  lam=1.5000  epoch 113/200  train_loss=3.74764  val_L1@15dB=3.16600
  lam=1.5000  epoch 114/200  train_loss=3.75594  val_L1@15dB=3.13520
  lam=1.5000  epoch 115/200  train_loss=3.91875  val_L1@15dB=3.16204
  lam=1.5000  epoch 116/200  train_loss=3.98231  val_L1@15dB=3.17176
  lam=1.5000  epoch 117/200  train_loss=3.81430  val_L1@15dB=3.15664
  lam=1.5000  epoch 118/200  train_loss=3.71162  val_L1@15dB=3.14991
  lam=1.5000  epoch 119/200  train_loss=3.72087  val_L1@15dB=3.17799
  lam=1.5000  epoch 120/200  train_loss=3.69367  val_L1@15dB=3.19434
  lam=1.5000  epoch 121/200  train_loss=3.69822  val_L1@15dB=3.16703
  lam=1.5000  epoch 122/200  train_loss=3.60258  val_L1@15dB=3.17283
  lam=1.5000  epoch 123/200  train_loss=3.60973  val_L1@15dB=3.18786
  lam=1.5000  epoch 124/200  train_loss=3.49493  val_L1@15dB=3.17992
  lam=1.5000  epoch 125/200  train_loss=3.66229  val_L1@15dB=3.18817
  lam=1.5000  epoch 126/200  train_loss=3.61675  val_L1@15dB=3.18922
  lam=1.5000  epoch 127/200  train_loss=3.67750  val_L1@15dB=3.15711
  lam=1.5000  epoch 128/200  train_loss=3.62657  val_L1@15dB=3.16357
  lam=1.5000  epoch 129/200  train_loss=3.50466  val_L1@15dB=3.15414
  lam=1.5000  epoch 130/200  train_loss=3.59030  val_L1@15dB=3.18417
  lam=1.5000  epoch 131/200  train_loss=3.41427  val_L1@15dB=3.18889
  lam=1.5000  epoch 132/200  train_loss=3.54992  val_L1@15dB=3.17301
  lam=1.5000  epoch 133/200  train_loss=3.51597  val_L1@15dB=3.16344
  lam=1.5000  epoch 134/200  train_loss=3.44855  val_L1@15dB=3.21075
  lam=1.5000  epoch 135/200  train_loss=3.61458  val_L1@15dB=3.19800
  lam=1.5000  epoch 136/200  train_loss=3.42279  val_L1@15dB=3.13160
  lam=1.5000  epoch 137/200  train_loss=3.37821  val_L1@15dB=3.16929
  lam=1.5000  epoch 138/200  train_loss=3.41699  val_L1@15dB=3.13807
  lam=1.5000  epoch 139/200  train_loss=3.48708  val_L1@15dB=3.17957
  lam=1.5000  epoch 140/200  train_loss=3.46334  val_L1@15dB=3.15685
  lam=1.5000  epoch 141/200  train_loss=3.59343  val_L1@15dB=3.13332
  lam=1.5000  epoch 142/200  train_loss=3.48681  val_L1@15dB=3.16437
  lam=1.5000  epoch 143/200  train_loss=3.49611  val_L1@15dB=3.21202
  lam=1.5000  epoch 144/200  train_loss=3.29242  val_L1@15dB=3.17579
  lam=1.5000  epoch 145/200  train_loss=3.49533  val_L1@15dB=3.19153
  lam=1.5000  epoch 146/200  train_loss=3.43670  val_L1@15dB=3.20667
  lam=1.5000  epoch 147/200  train_loss=3.30358  val_L1@15dB=3.17765
  lam=1.5000  epoch 148/200  train_loss=3.40610  val_L1@15dB=3.17679
  lam=1.5000  epoch 149/200  train_loss=3.30155  val_L1@15dB=3.18498
  lam=1.5000  epoch 150/200  train_loss=3.34885  val_L1@15dB=3.19360
  lam=1.5000  epoch 151/200  train_loss=3.28756  val_L1@15dB=3.19951
  lam=1.5000  epoch 152/200  train_loss=3.24889  val_L1@15dB=3.19592
  lam=1.5000  epoch 153/200  train_loss=3.52671  val_L1@15dB=3.21249
  lam=1.5000  epoch 154/200  train_loss=3.35070  val_L1@15dB=3.21237
  lam=1.5000  epoch 155/200  train_loss=3.28652  val_L1@15dB=3.15496
  lam=1.5000  epoch 156/200  train_loss=3.28369  val_L1@15dB=3.19353
  lam=1.5000  epoch 157/200  train_loss=3.33464  val_L1@15dB=3.17482
  lam=1.5000  epoch 158/200  train_loss=3.15734  val_L1@15dB=3.22263
  lam=1.5000  epoch 159/200  train_loss=3.23436  val_L1@15dB=3.16863
  lam=1.5000  epoch 160/200  train_loss=3.13679  val_L1@15dB=3.20169
  lam=1.5000  epoch 161/200  train_loss=3.16620  val_L1@15dB=3.17317
  early stop: no val improvement for 25 epochs; stopped at epoch 161, best epoch 136
  lam=1.5000  best_ep=136  best_val=3.13160  wall=382.7s

--- plain_tstar lam = 2.2500 (4/5) ---
  lam=2.2500  epoch 001/200  train_loss=18.16350  val_L1@15dB=4.58505
  lam=2.2500  epoch 002/200  train_loss=15.21963  val_L1@15dB=4.45799
  lam=2.2500  epoch 003/200  train_loss=13.64399  val_L1@15dB=4.32188
  lam=2.2500  epoch 004/200  train_loss=12.32299  val_L1@15dB=4.17459
  lam=2.2500  epoch 005/200  train_loss=11.68862  val_L1@15dB=4.24609
  lam=2.2500  epoch 006/200  train_loss=11.18387  val_L1@15dB=4.12158
  lam=2.2500  epoch 007/200  train_loss=10.74506  val_L1@15dB=4.10732
  lam=2.2500  epoch 008/200  train_loss=10.23841  val_L1@15dB=4.12841
  lam=2.2500  epoch 009/200  train_loss=9.66239  val_L1@15dB=4.07050
  lam=2.2500  epoch 010/200  train_loss=9.69324  val_L1@15dB=3.97567
  lam=2.2500  epoch 011/200  train_loss=9.40578  val_L1@15dB=3.93151
  lam=2.2500  epoch 012/200  train_loss=9.31750  val_L1@15dB=3.92546
  lam=2.2500  epoch 013/200  train_loss=9.08943  val_L1@15dB=3.91187
  lam=2.2500  epoch 014/200  train_loss=9.03239  val_L1@15dB=3.89822
  lam=2.2500  epoch 015/200  train_loss=9.01221  val_L1@15dB=3.82092
  lam=2.2500  epoch 016/200  train_loss=8.78030  val_L1@15dB=3.83734
  lam=2.2500  epoch 017/200  train_loss=8.77943  val_L1@15dB=3.78769
  lam=2.2500  epoch 018/200  train_loss=8.40240  val_L1@15dB=3.78237
  lam=2.2500  epoch 019/200  train_loss=8.23205  val_L1@15dB=3.68905
  lam=2.2500  epoch 020/200  train_loss=8.43156  val_L1@15dB=3.63311
  lam=2.2500  epoch 021/200  train_loss=8.01230  val_L1@15dB=3.61176
  lam=2.2500  epoch 022/200  train_loss=7.90154  val_L1@15dB=3.58579
  lam=2.2500  epoch 023/200  train_loss=7.84698  val_L1@15dB=3.56865
  lam=2.2500  epoch 024/200  train_loss=7.67576  val_L1@15dB=3.50830
  lam=2.2500  epoch 025/200  train_loss=7.49288  val_L1@15dB=3.50075
  lam=2.2500  epoch 026/200  train_loss=7.41586  val_L1@15dB=3.47797
  lam=2.2500  epoch 027/200  train_loss=7.31845  val_L1@15dB=3.47869
  lam=2.2500  epoch 028/200  train_loss=7.25127  val_L1@15dB=3.46256
  lam=2.2500  epoch 029/200  train_loss=7.35333  val_L1@15dB=3.46261
  lam=2.2500  epoch 030/200  train_loss=7.09392  val_L1@15dB=3.49114
  lam=2.2500  epoch 031/200  train_loss=7.04829  val_L1@15dB=3.47073
  lam=2.2500  epoch 032/200  train_loss=6.96978  val_L1@15dB=3.42408
  lam=2.2500  epoch 033/200  train_loss=6.91631  val_L1@15dB=3.42727
  lam=2.2500  epoch 034/200  train_loss=7.11268  val_L1@15dB=3.43629
  lam=2.2500  epoch 035/200  train_loss=6.85420  val_L1@15dB=3.43748
  lam=2.2500  epoch 036/200  train_loss=6.74547  val_L1@15dB=3.39676
  lam=2.2500  epoch 037/200  train_loss=6.83862  val_L1@15dB=3.38264
  lam=2.2500  epoch 038/200  train_loss=6.67250  val_L1@15dB=3.40418
  lam=2.2500  epoch 039/200  train_loss=6.60905  val_L1@15dB=3.38200
  lam=2.2500  epoch 040/200  train_loss=6.58504  val_L1@15dB=3.41033
  lam=2.2500  epoch 041/200  train_loss=6.70894  val_L1@15dB=3.36056
  lam=2.2500  epoch 042/200  train_loss=6.36450  val_L1@15dB=3.34705
  lam=2.2500  epoch 043/200  train_loss=6.33128  val_L1@15dB=3.34151
  lam=2.2500  epoch 044/200  train_loss=6.45063  val_L1@15dB=3.42450
  lam=2.2500  epoch 045/200  train_loss=6.43335  val_L1@15dB=3.39121
  lam=2.2500  epoch 046/200  train_loss=6.25265  val_L1@15dB=3.35232
  lam=2.2500  epoch 047/200  train_loss=6.21338  val_L1@15dB=3.38615
  lam=2.2500  epoch 048/200  train_loss=6.19867  val_L1@15dB=3.34339
  lam=2.2500  epoch 049/200  train_loss=6.24886  val_L1@15dB=3.36143
  lam=2.2500  epoch 050/200  train_loss=6.12099  val_L1@15dB=3.33624
  lam=2.2500  epoch 051/200  train_loss=6.18521  val_L1@15dB=3.35743
  lam=2.2500  epoch 052/200  train_loss=6.14378  val_L1@15dB=3.36614
  lam=2.2500  epoch 053/200  train_loss=6.01952  val_L1@15dB=3.33192
  lam=2.2500  epoch 054/200  train_loss=5.92781  val_L1@15dB=3.36469
  lam=2.2500  epoch 055/200  train_loss=6.02842  val_L1@15dB=3.38202
  lam=2.2500  epoch 056/200  train_loss=5.96101  val_L1@15dB=3.33053
  lam=2.2500  epoch 057/200  train_loss=6.09016  val_L1@15dB=3.39485
  lam=2.2500  epoch 058/200  train_loss=6.00767  val_L1@15dB=3.32883
  lam=2.2500  epoch 059/200  train_loss=5.78946  val_L1@15dB=3.30243
  lam=2.2500  epoch 060/200  train_loss=5.68378  val_L1@15dB=3.31642
  lam=2.2500  epoch 061/200  train_loss=5.74829  val_L1@15dB=3.30043
  lam=2.2500  epoch 062/200  train_loss=5.69585  val_L1@15dB=3.32920
  lam=2.2500  epoch 063/200  train_loss=5.77195  val_L1@15dB=3.31961
  lam=2.2500  epoch 064/200  train_loss=5.73947  val_L1@15dB=3.29340
  lam=2.2500  epoch 065/200  train_loss=5.66632  val_L1@15dB=3.30242
  lam=2.2500  epoch 066/200  train_loss=6.07916  val_L1@15dB=3.31823
  lam=2.2500  epoch 067/200  train_loss=5.75732  val_L1@15dB=3.31104
  lam=2.2500  epoch 068/200  train_loss=5.60299  val_L1@15dB=3.32738
  lam=2.2500  epoch 069/200  train_loss=5.57154  val_L1@15dB=3.31220
  lam=2.2500  epoch 070/200  train_loss=5.52018  val_L1@15dB=3.32786
  lam=2.2500  epoch 071/200  train_loss=5.59749  val_L1@15dB=3.28891
  lam=2.2500  epoch 072/200  train_loss=5.60771  val_L1@15dB=3.28632
  lam=2.2500  epoch 073/200  train_loss=5.48638  val_L1@15dB=3.30722
  lam=2.2500  epoch 074/200  train_loss=5.40629  val_L1@15dB=3.30860
  lam=2.2500  epoch 075/200  train_loss=5.45237  val_L1@15dB=3.29697
  lam=2.2500  epoch 076/200  train_loss=5.40578  val_L1@15dB=3.30053
  lam=2.2500  epoch 077/200  train_loss=5.37556  val_L1@15dB=3.26286
  lam=2.2500  epoch 078/200  train_loss=5.29486  val_L1@15dB=3.27710
  lam=2.2500  epoch 079/200  train_loss=5.29793  val_L1@15dB=3.28545
  lam=2.2500  epoch 080/200  train_loss=5.28887  val_L1@15dB=3.30298
  lam=2.2500  epoch 081/200  train_loss=5.25814  val_L1@15dB=3.28274
  lam=2.2500  epoch 082/200  train_loss=5.68899  val_L1@15dB=3.29638
  lam=2.2500  epoch 083/200  train_loss=5.25639  val_L1@15dB=3.29136
  lam=2.2500  epoch 084/200  train_loss=5.27955  val_L1@15dB=3.31314
  lam=2.2500  epoch 085/200  train_loss=5.35870  val_L1@15dB=3.29041
  lam=2.2500  epoch 086/200  train_loss=5.23921  val_L1@15dB=3.25697
  lam=2.2500  epoch 087/200  train_loss=5.29770  val_L1@15dB=3.29063
  lam=2.2500  epoch 088/200  train_loss=5.49620  val_L1@15dB=3.26625
  lam=2.2500  epoch 089/200  train_loss=5.26513  val_L1@15dB=3.30227
  lam=2.2500  epoch 090/200  train_loss=5.24808  val_L1@15dB=3.24913
  lam=2.2500  epoch 091/200  train_loss=5.20834  val_L1@15dB=3.26987
  lam=2.2500  epoch 092/200  train_loss=5.10378  val_L1@15dB=3.26513
  lam=2.2500  epoch 093/200  train_loss=5.17236  val_L1@15dB=3.28700
  lam=2.2500  epoch 094/200  train_loss=5.20234  val_L1@15dB=3.25803
  lam=2.2500  epoch 095/200  train_loss=5.05397  val_L1@15dB=3.25497
  lam=2.2500  epoch 096/200  train_loss=5.07862  val_L1@15dB=3.25547
  lam=2.2500  epoch 097/200  train_loss=4.92270  val_L1@15dB=3.27097
  lam=2.2500  epoch 098/200  train_loss=5.02725  val_L1@15dB=3.26623
  lam=2.2500  epoch 099/200  train_loss=4.91340  val_L1@15dB=3.25677
  lam=2.2500  epoch 100/200  train_loss=5.10903  val_L1@15dB=3.27467
  lam=2.2500  epoch 101/200  train_loss=5.07967  val_L1@15dB=3.25048
  lam=2.2500  epoch 102/200  train_loss=4.98297  val_L1@15dB=3.28233
  lam=2.2500  epoch 103/200  train_loss=5.13576  val_L1@15dB=3.27409
  lam=2.2500  epoch 104/200  train_loss=5.02043  val_L1@15dB=3.25770
  lam=2.2500  epoch 105/200  train_loss=5.16156  val_L1@15dB=3.26895
  lam=2.2500  epoch 106/200  train_loss=4.94701  val_L1@15dB=3.24106
  lam=2.2500  epoch 107/200  train_loss=4.82847  val_L1@15dB=3.24677
  lam=2.2500  epoch 108/200  train_loss=5.04850  val_L1@15dB=3.20613
  lam=2.2500  epoch 109/200  train_loss=4.86455  val_L1@15dB=3.24158
  lam=2.2500  epoch 110/200  train_loss=4.81955  val_L1@15dB=3.23719
  lam=2.2500  epoch 111/200  train_loss=4.75392  val_L1@15dB=3.25699
  lam=2.2500  epoch 112/200  train_loss=4.82264  val_L1@15dB=3.25169
  lam=2.2500  epoch 113/200  train_loss=4.82465  val_L1@15dB=3.23580
  lam=2.2500  epoch 114/200  train_loss=4.96172  val_L1@15dB=3.23487
  lam=2.2500  epoch 115/200  train_loss=4.91135  val_L1@15dB=3.22912
  lam=2.2500  epoch 116/200  train_loss=4.74420  val_L1@15dB=3.22422
  lam=2.2500  epoch 117/200  train_loss=4.77718  val_L1@15dB=3.19881
  lam=2.2500  epoch 118/200  train_loss=4.82589  val_L1@15dB=3.21951
  lam=2.2500  epoch 119/200  train_loss=4.74531  val_L1@15dB=3.24998
  lam=2.2500  epoch 120/200  train_loss=4.85607  val_L1@15dB=3.22008
  lam=2.2500  epoch 121/200  train_loss=4.83057  val_L1@15dB=3.27129
  lam=2.2500  epoch 122/200  train_loss=4.71690  val_L1@15dB=3.24135
  lam=2.2500  epoch 123/200  train_loss=4.77765  val_L1@15dB=3.20374
  lam=2.2500  epoch 124/200  train_loss=4.73807  val_L1@15dB=3.24323
  lam=2.2500  epoch 125/200  train_loss=4.62536  val_L1@15dB=3.23023
  lam=2.2500  epoch 126/200  train_loss=4.78220  val_L1@15dB=3.26270
  lam=2.2500  epoch 127/200  train_loss=4.81408  val_L1@15dB=3.26544
  lam=2.2500  epoch 128/200  train_loss=4.91532  val_L1@15dB=3.20868
  lam=2.2500  epoch 129/200  train_loss=4.66256  val_L1@15dB=3.21922
  lam=2.2500  epoch 130/200  train_loss=4.69044  val_L1@15dB=3.23242
  lam=2.2500  epoch 131/200  train_loss=4.58186  val_L1@15dB=3.22727
  lam=2.2500  epoch 132/200  train_loss=4.58834  val_L1@15dB=3.22637
  lam=2.2500  epoch 133/200  train_loss=4.34530  val_L1@15dB=3.22292
  lam=2.2500  epoch 134/200  train_loss=4.69465  val_L1@15dB=3.24745
  lam=2.2500  epoch 135/200  train_loss=4.66833  val_L1@15dB=3.23579
  lam=2.2500  epoch 136/200  train_loss=4.48079  val_L1@15dB=3.21166
  lam=2.2500  epoch 137/200  train_loss=4.42598  val_L1@15dB=3.22275
  lam=2.2500  epoch 138/200  train_loss=4.53954  val_L1@15dB=3.22043
  lam=2.2500  epoch 139/200  train_loss=4.40525  val_L1@15dB=3.21155
  lam=2.2500  epoch 140/200  train_loss=4.50015  val_L1@15dB=3.19427
  lam=2.2500  epoch 141/200  train_loss=4.53288  val_L1@15dB=3.22883
  lam=2.2500  epoch 142/200  train_loss=4.76216  val_L1@15dB=3.23837
  lam=2.2500  epoch 143/200  train_loss=4.46416  val_L1@15dB=3.21110
  lam=2.2500  epoch 144/200  train_loss=4.51780  val_L1@15dB=3.21738
  lam=2.2500  epoch 145/200  train_loss=4.62044  val_L1@15dB=3.20537
  lam=2.2500  epoch 146/200  train_loss=4.60508  val_L1@15dB=3.22824
  lam=2.2500  epoch 147/200  train_loss=4.47939  val_L1@15dB=3.24441
  lam=2.2500  epoch 148/200  train_loss=4.27742  val_L1@15dB=3.19769
  lam=2.2500  epoch 149/200  train_loss=4.47618  val_L1@15dB=3.23761
  lam=2.2500  epoch 150/200  train_loss=4.37784  val_L1@15dB=3.19902
  lam=2.2500  epoch 151/200  train_loss=4.23057  val_L1@15dB=3.23057
  lam=2.2500  epoch 152/200  train_loss=4.37457  val_L1@15dB=3.19656
  lam=2.2500  epoch 153/200  train_loss=4.48936  val_L1@15dB=3.18728
  lam=2.2500  epoch 154/200  train_loss=4.34458  val_L1@15dB=3.20445
  lam=2.2500  epoch 155/200  train_loss=4.41468  val_L1@15dB=3.22940
  lam=2.2500  epoch 156/200  train_loss=4.37412  val_L1@15dB=3.19820
  lam=2.2500  epoch 157/200  train_loss=4.36195  val_L1@15dB=3.17512
  lam=2.2500  epoch 158/200  train_loss=4.36776  val_L1@15dB=3.19094
  lam=2.2500  epoch 159/200  train_loss=4.49175  val_L1@15dB=3.18673
  lam=2.2500  epoch 160/200  train_loss=4.38594  val_L1@15dB=3.21911
  lam=2.2500  epoch 161/200  train_loss=4.35129  val_L1@15dB=3.20176
  lam=2.2500  epoch 162/200  train_loss=4.34371  val_L1@15dB=3.22137
  lam=2.2500  epoch 163/200  train_loss=4.31827  val_L1@15dB=3.21899
  lam=2.2500  epoch 164/200  train_loss=4.33352  val_L1@15dB=3.19092
  lam=2.2500  epoch 165/200  train_loss=4.22456  val_L1@15dB=3.19110
  lam=2.2500  epoch 166/200  train_loss=4.23104  val_L1@15dB=3.19457
  lam=2.2500  epoch 167/200  train_loss=4.20017  val_L1@15dB=3.22520
  lam=2.2500  epoch 168/200  train_loss=4.14498  val_L1@15dB=3.19034
  lam=2.2500  epoch 169/200  train_loss=4.23569  val_L1@15dB=3.24307
  lam=2.2500  epoch 170/200  train_loss=4.34483  val_L1@15dB=3.24605
  lam=2.2500  epoch 171/200  train_loss=4.38465  val_L1@15dB=3.18365
  lam=2.2500  epoch 172/200  train_loss=4.09734  val_L1@15dB=3.18651
  lam=2.2500  epoch 173/200  train_loss=4.08862  val_L1@15dB=3.19426
  lam=2.2500  epoch 174/200  train_loss=4.19797  val_L1@15dB=3.18410
  lam=2.2500  epoch 175/200  train_loss=4.25666  val_L1@15dB=3.18635
  lam=2.2500  epoch 176/200  train_loss=4.22683  val_L1@15dB=3.17900
  lam=2.2500  epoch 177/200  train_loss=4.15411  val_L1@15dB=3.24116
  lam=2.2500  epoch 178/200  train_loss=4.28570  val_L1@15dB=3.19922
  lam=2.2500  epoch 179/200  train_loss=4.27586  val_L1@15dB=3.22456
  lam=2.2500  epoch 180/200  train_loss=4.19983  val_L1@15dB=3.18721
  lam=2.2500  epoch 181/200  train_loss=4.11702  val_L1@15dB=3.20425
  lam=2.2500  epoch 182/200  train_loss=4.06342  val_L1@15dB=3.18564
  early stop: no val improvement for 25 epochs; stopped at epoch 182, best epoch 157
  lam=2.2500  best_ep=157  best_val=3.17512  wall=431.4s

--- plain_tstar lam = 3.0000 (5/5) ---
  lam=3.0000  epoch 001/200  train_loss=25.84918  val_L1@15dB=5.24698
  lam=3.0000  epoch 002/200  train_loss=19.36593  val_L1@15dB=4.58488
  lam=3.0000  epoch 003/200  train_loss=17.35477  val_L1@15dB=4.45849
  lam=3.0000  epoch 004/200  train_loss=14.94142  val_L1@15dB=4.32901
  lam=3.0000  epoch 005/200  train_loss=13.87331  val_L1@15dB=4.23467
  lam=3.0000  epoch 006/200  train_loss=13.17233  val_L1@15dB=4.20349
  lam=3.0000  epoch 007/200  train_loss=12.95189  val_L1@15dB=4.15324
  lam=3.0000  epoch 008/200  train_loss=12.06959  val_L1@15dB=4.14503
  lam=3.0000  epoch 009/200  train_loss=11.65590  val_L1@15dB=4.15439
  lam=3.0000  epoch 010/200  train_loss=11.64831  val_L1@15dB=4.02854
  lam=3.0000  epoch 011/200  train_loss=11.26742  val_L1@15dB=3.99020
  lam=3.0000  epoch 012/200  train_loss=10.89616  val_L1@15dB=3.99819
  lam=3.0000  epoch 013/200  train_loss=10.95413  val_L1@15dB=3.97991
  lam=3.0000  epoch 014/200  train_loss=10.76091  val_L1@15dB=4.01930
  lam=3.0000  epoch 015/200  train_loss=10.75446  val_L1@15dB=3.85492
  lam=3.0000  epoch 016/200  train_loss=10.35547  val_L1@15dB=3.85631
  lam=3.0000  epoch 017/200  train_loss=10.16580  val_L1@15dB=3.83921
  lam=3.0000  epoch 018/200  train_loss=10.00932  val_L1@15dB=3.86264
  lam=3.0000  epoch 019/200  train_loss=9.64133  val_L1@15dB=3.75073
  lam=3.0000  epoch 020/200  train_loss=9.26126  val_L1@15dB=3.64553
  lam=3.0000  epoch 021/200  train_loss=9.12762  val_L1@15dB=3.69859
  lam=3.0000  epoch 022/200  train_loss=8.95603  val_L1@15dB=3.68416
  lam=3.0000  epoch 023/200  train_loss=8.73007  val_L1@15dB=3.61817
  lam=3.0000  epoch 024/200  train_loss=8.74967  val_L1@15dB=3.64008
  lam=3.0000  epoch 025/200  train_loss=8.49909  val_L1@15dB=3.54508
  lam=3.0000  epoch 026/200  train_loss=8.54847  val_L1@15dB=3.59343
  lam=3.0000  epoch 027/200  train_loss=8.18775  val_L1@15dB=3.56926
  lam=3.0000  epoch 028/200  train_loss=8.25258  val_L1@15dB=3.55085
  lam=3.0000  epoch 029/200  train_loss=8.05167  val_L1@15dB=3.58228
  lam=3.0000  epoch 030/200  train_loss=7.99233  val_L1@15dB=3.55054
  lam=3.0000  epoch 031/200  train_loss=7.96855  val_L1@15dB=3.53661
  lam=3.0000  epoch 032/200  train_loss=7.89734  val_L1@15dB=3.53405
  lam=3.0000  epoch 033/200  train_loss=7.88791  val_L1@15dB=3.51008
  lam=3.0000  epoch 034/200  train_loss=7.71159  val_L1@15dB=3.51647
  lam=3.0000  epoch 035/200  train_loss=7.54363  val_L1@15dB=3.51599
  lam=3.0000  epoch 036/200  train_loss=7.47988  val_L1@15dB=3.47394
  lam=3.0000  epoch 037/200  train_loss=7.66693  val_L1@15dB=3.50883
  lam=3.0000  epoch 038/200  train_loss=7.43456  val_L1@15dB=3.47958
  lam=3.0000  epoch 039/200  train_loss=7.28694  val_L1@15dB=3.46585
  lam=3.0000  epoch 040/200  train_loss=7.39241  val_L1@15dB=3.49324
  lam=3.0000  epoch 041/200  train_loss=7.16549  val_L1@15dB=3.48172
  lam=3.0000  epoch 042/200  train_loss=7.17084  val_L1@15dB=3.45545
  lam=3.0000  epoch 043/200  train_loss=7.24604  val_L1@15dB=3.46239
  lam=3.0000  epoch 044/200  train_loss=7.02534  val_L1@15dB=3.41870
  lam=3.0000  epoch 045/200  train_loss=7.14410  val_L1@15dB=3.47815
  lam=3.0000  epoch 046/200  train_loss=7.03905  val_L1@15dB=3.45621
  lam=3.0000  epoch 047/200  train_loss=6.88198  val_L1@15dB=3.44542
  lam=3.0000  epoch 048/200  train_loss=6.68879  val_L1@15dB=3.43359
  lam=3.0000  epoch 049/200  train_loss=6.65200  val_L1@15dB=3.47114
  lam=3.0000  epoch 050/200  train_loss=6.76230  val_L1@15dB=3.44237
  lam=3.0000  epoch 051/200  train_loss=6.99010  val_L1@15dB=3.40906
  lam=3.0000  epoch 052/200  train_loss=6.83079  val_L1@15dB=3.41984
  lam=3.0000  epoch 053/200  train_loss=6.69966  val_L1@15dB=3.40682
  lam=3.0000  epoch 054/200  train_loss=6.58878  val_L1@15dB=3.39749
  lam=3.0000  epoch 055/200  train_loss=6.77394  val_L1@15dB=3.42742
  lam=3.0000  epoch 056/200  train_loss=6.73657  val_L1@15dB=3.42290
  lam=3.0000  epoch 057/200  train_loss=7.18219  val_L1@15dB=3.45993
  lam=3.0000  epoch 058/200  train_loss=6.89648  val_L1@15dB=3.41968
  lam=3.0000  epoch 059/200  train_loss=6.65936  val_L1@15dB=3.41359
  lam=3.0000  epoch 060/200  train_loss=6.47662  val_L1@15dB=3.38402
  lam=3.0000  epoch 061/200  train_loss=6.30604  val_L1@15dB=3.37031
  lam=3.0000  epoch 062/200  train_loss=6.33627  val_L1@15dB=3.37500
  lam=3.0000  epoch 063/200  train_loss=6.34998  val_L1@15dB=3.41512
  lam=3.0000  epoch 064/200  train_loss=6.32397  val_L1@15dB=3.36900
  lam=3.0000  epoch 065/200  train_loss=6.11580  val_L1@15dB=3.41184
  lam=3.0000  epoch 066/200  train_loss=6.39217  val_L1@15dB=3.36703
  lam=3.0000  epoch 067/200  train_loss=6.24124  val_L1@15dB=3.36344
  lam=3.0000  epoch 068/200  train_loss=6.22559  val_L1@15dB=3.37013
  lam=3.0000  epoch 069/200  train_loss=6.04175  val_L1@15dB=3.38406
  lam=3.0000  epoch 070/200  train_loss=6.15820  val_L1@15dB=3.33525
  lam=3.0000  epoch 071/200  train_loss=6.14643  val_L1@15dB=3.37113
  lam=3.0000  epoch 072/200  train_loss=5.93122  val_L1@15dB=3.35139
  lam=3.0000  epoch 073/200  train_loss=6.02997  val_L1@15dB=3.35343
  lam=3.0000  epoch 074/200  train_loss=6.00661  val_L1@15dB=3.32334
  lam=3.0000  epoch 075/200  train_loss=6.31188  val_L1@15dB=3.34321
  lam=3.0000  epoch 076/200  train_loss=5.97617  val_L1@15dB=3.31477
  lam=3.0000  epoch 077/200  train_loss=6.42514  val_L1@15dB=3.37436
  lam=3.0000  epoch 078/200  train_loss=6.00287  val_L1@15dB=3.34151
  lam=3.0000  epoch 079/200  train_loss=6.09556  val_L1@15dB=3.28140
  lam=3.0000  epoch 080/200  train_loss=5.93874  val_L1@15dB=3.35314
  lam=3.0000  epoch 081/200  train_loss=5.74678  val_L1@15dB=3.33797
  lam=3.0000  epoch 082/200  train_loss=5.88293  val_L1@15dB=3.34457
  lam=3.0000  epoch 083/200  train_loss=5.84761  val_L1@15dB=3.33719
  lam=3.0000  epoch 084/200  train_loss=5.78850  val_L1@15dB=3.32252
  lam=3.0000  epoch 085/200  train_loss=5.74925  val_L1@15dB=3.31862
  lam=3.0000  epoch 086/200  train_loss=5.82047  val_L1@15dB=3.32532
  lam=3.0000  epoch 087/200  train_loss=5.84230  val_L1@15dB=3.33771
  lam=3.0000  epoch 088/200  train_loss=5.62218  val_L1@15dB=3.32953
  lam=3.0000  epoch 089/200  train_loss=5.94014  val_L1@15dB=3.30398
  lam=3.0000  epoch 090/200  train_loss=5.94253  val_L1@15dB=3.35287
  lam=3.0000  epoch 091/200  train_loss=5.78217  val_L1@15dB=3.31621
  lam=3.0000  epoch 092/200  train_loss=6.05408  val_L1@15dB=3.32670
  lam=3.0000  epoch 093/200  train_loss=5.64163  val_L1@15dB=3.32516
  lam=3.0000  epoch 094/200  train_loss=5.56938  val_L1@15dB=3.30208
  lam=3.0000  epoch 095/200  train_loss=5.61998  val_L1@15dB=3.29444
  lam=3.0000  epoch 096/200  train_loss=5.45644  val_L1@15dB=3.30112
  lam=3.0000  epoch 097/200  train_loss=5.56802  val_L1@15dB=3.31234
  lam=3.0000  epoch 098/200  train_loss=5.49968  val_L1@15dB=3.32417
  lam=3.0000  epoch 099/200  train_loss=5.66157  val_L1@15dB=3.30820
  lam=3.0000  epoch 100/200  train_loss=5.77442  val_L1@15dB=3.32272
  lam=3.0000  epoch 101/200  train_loss=5.85133  val_L1@15dB=3.34186
  lam=3.0000  epoch 102/200  train_loss=5.56526  val_L1@15dB=3.32004
  lam=3.0000  epoch 103/200  train_loss=5.64914  val_L1@15dB=3.31834
  lam=3.0000  epoch 104/200  train_loss=5.41144  val_L1@15dB=3.30845
  early stop: no val improvement for 25 epochs; stopped at epoch 104, best epoch 79
  lam=3.0000  best_ep=79  best_val=3.28140  wall=242.7s

[plain_tstar] lambda* = 0.0000  (best val L1 = 3.08974)
[plain_tstar] baseline λ = 0.0000  (best val L1 = 3.08974)

======== exp_a_ablation_padded_t0 | device=cuda ========
note: padded FROG only (t0)
padded spectral: κ=0.52 σ_tc=5.73 N_FFT=88 dE=0.029608 eV
pulses: T=100.0 spikes=30 σ_spike=2.5 σ_tc=5.73 canon=t0 frog=padded
trace_scale = 11.1991

--- padded_t0 lam = 0.0000 (1/5) ---
  lam=0.0000  epoch 001/200  train_loss=4.65965  val_L1@15dB=3.91064
  lam=0.0000  epoch 002/200  train_loss=3.94293  val_L1@15dB=3.74820
  lam=0.0000  epoch 003/200  train_loss=3.82188  val_L1@15dB=3.63677
  lam=0.0000  epoch 004/200  train_loss=3.54563  val_L1@15dB=3.16233
  lam=0.0000  epoch 005/200  train_loss=3.22561  val_L1@15dB=3.03820
  lam=0.0000  epoch 006/200  train_loss=3.15313  val_L1@15dB=3.01292
  lam=0.0000  epoch 007/200  train_loss=3.11100  val_L1@15dB=2.93113
  lam=0.0000  epoch 008/200  train_loss=3.06778  val_L1@15dB=2.90126
  lam=0.0000  epoch 009/200  train_loss=3.02170  val_L1@15dB=2.84977
  lam=0.0000  epoch 010/200  train_loss=2.96082  val_L1@15dB=2.79924
  lam=0.0000  epoch 011/200  train_loss=2.91285  val_L1@15dB=2.74868
  lam=0.0000  epoch 012/200  train_loss=2.87023  val_L1@15dB=2.71581
  lam=0.0000  epoch 013/200  train_loss=2.84126  val_L1@15dB=2.69164
  lam=0.0000  epoch 014/200  train_loss=2.81077  val_L1@15dB=2.67853
  lam=0.0000  epoch 015/200  train_loss=2.76515  val_L1@15dB=2.66004
  lam=0.0000  epoch 016/200  train_loss=2.72604  val_L1@15dB=2.63513
  lam=0.0000  epoch 017/200  train_loss=2.69726  val_L1@15dB=2.62940
  lam=0.0000  epoch 018/200  train_loss=2.66330  val_L1@15dB=2.62553
  lam=0.0000  epoch 019/200  train_loss=2.62739  val_L1@15dB=2.60147
  lam=0.0000  epoch 020/200  train_loss=2.59542  val_L1@15dB=2.57332
  lam=0.0000  epoch 021/200  train_loss=2.54991  val_L1@15dB=2.56957
  lam=0.0000  epoch 022/200  train_loss=2.51535  val_L1@15dB=2.56484
  lam=0.0000  epoch 023/200  train_loss=2.47754  val_L1@15dB=2.55449
  lam=0.0000  epoch 024/200  train_loss=2.45069  val_L1@15dB=2.58102
  lam=0.0000  epoch 025/200  train_loss=2.41916  val_L1@15dB=2.55625
  lam=0.0000  epoch 026/200  train_loss=2.36788  val_L1@15dB=2.57661
  lam=0.0000  epoch 027/200  train_loss=2.33030  val_L1@15dB=2.60243
  lam=0.0000  epoch 028/200  train_loss=2.25541  val_L1@15dB=2.56884
  lam=0.0000  epoch 029/200  train_loss=2.22295  val_L1@15dB=2.53702
  lam=0.0000  epoch 030/200  train_loss=2.19792  val_L1@15dB=2.57692
  lam=0.0000  epoch 031/200  train_loss=2.12699  val_L1@15dB=2.55720
  lam=0.0000  epoch 032/200  train_loss=2.12360  val_L1@15dB=2.61099
  lam=0.0000  epoch 033/200  train_loss=2.08213  val_L1@15dB=2.64682
  lam=0.0000  epoch 034/200  train_loss=2.05226  val_L1@15dB=2.59998
  lam=0.0000  epoch 035/200  train_loss=1.95851  val_L1@15dB=2.64793
  lam=0.0000  epoch 036/200  train_loss=1.93669  val_L1@15dB=2.67243
  lam=0.0000  epoch 037/200  train_loss=1.86405  val_L1@15dB=2.66422
  lam=0.0000  epoch 038/200  train_loss=1.80594  val_L1@15dB=2.64916
  lam=0.0000  epoch 039/200  train_loss=1.82293  val_L1@15dB=2.67231
  lam=0.0000  epoch 040/200  train_loss=1.71080  val_L1@15dB=2.70766
  lam=0.0000  epoch 041/200  train_loss=1.72758  val_L1@15dB=2.69131
  lam=0.0000  epoch 042/200  train_loss=1.64635  val_L1@15dB=2.67015
  lam=0.0000  epoch 043/200  train_loss=1.59522  val_L1@15dB=2.72790
  lam=0.0000  epoch 044/200  train_loss=1.57775  val_L1@15dB=2.70256
  lam=0.0000  epoch 045/200  train_loss=1.57937  val_L1@15dB=2.70165
  lam=0.0000  epoch 046/200  train_loss=1.49884  val_L1@15dB=2.74137
  lam=0.0000  epoch 047/200  train_loss=1.48811  val_L1@15dB=2.72133
  lam=0.0000  epoch 048/200  train_loss=1.41264  val_L1@15dB=2.73752
  lam=0.0000  epoch 049/200  train_loss=1.41124  val_L1@15dB=2.78137
  lam=0.0000  epoch 050/200  train_loss=1.39515  val_L1@15dB=2.74890
  lam=0.0000  epoch 051/200  train_loss=1.33316  val_L1@15dB=2.75349
  lam=0.0000  epoch 052/200  train_loss=1.37643  val_L1@15dB=2.72562
  lam=0.0000  epoch 053/200  train_loss=1.32630  val_L1@15dB=2.74090
  lam=0.0000  epoch 054/200  train_loss=1.31618  val_L1@15dB=2.76378
  early stop: no val improvement for 25 epochs; stopped at epoch 54, best epoch 29
  lam=0.0000  best_ep=29  best_val=2.53702  wall=99.8s

--- padded_t0 lam = 0.7500 (2/5) ---
  lam=0.7500  epoch 001/200  train_loss=9.26675  val_L1@15dB=4.08967
  lam=0.7500  epoch 002/200  train_loss=7.95386  val_L1@15dB=3.95260
  lam=0.7500  epoch 003/200  train_loss=7.31307  val_L1@15dB=3.64733
  lam=0.7500  epoch 004/200  train_loss=6.19833  val_L1@15dB=3.19352
  lam=0.7500  epoch 005/200  train_loss=5.71092  val_L1@15dB=3.07232
  lam=0.7500  epoch 006/200  train_loss=5.46828  val_L1@15dB=3.01716
  lam=0.7500  epoch 007/200  train_loss=5.29853  val_L1@15dB=2.93724
  lam=0.7500  epoch 008/200  train_loss=5.14022  val_L1@15dB=2.91368
  lam=0.7500  epoch 009/200  train_loss=4.96520  val_L1@15dB=2.91009
  lam=0.7500  epoch 010/200  train_loss=4.90812  val_L1@15dB=2.87542
  lam=0.7500  epoch 011/200  train_loss=4.69529  val_L1@15dB=2.86753
  lam=0.7500  epoch 012/200  train_loss=4.61731  val_L1@15dB=2.83911
  lam=0.7500  epoch 013/200  train_loss=4.49861  val_L1@15dB=2.80434
  lam=0.7500  epoch 014/200  train_loss=4.39968  val_L1@15dB=2.81382
  lam=0.7500  epoch 015/200  train_loss=4.40301  val_L1@15dB=2.78213
  lam=0.7500  epoch 016/200  train_loss=4.29681  val_L1@15dB=2.73822
  lam=0.7500  epoch 017/200  train_loss=4.22801  val_L1@15dB=2.71296
  lam=0.7500  epoch 018/200  train_loss=4.11847  val_L1@15dB=2.65228
  lam=0.7500  epoch 019/200  train_loss=4.04144  val_L1@15dB=2.63487
  lam=0.7500  epoch 020/200  train_loss=4.02450  val_L1@15dB=2.62745
  lam=0.7500  epoch 021/200  train_loss=3.97203  val_L1@15dB=2.59098
  lam=0.7500  epoch 022/200  train_loss=3.92616  val_L1@15dB=2.57657
  lam=0.7500  epoch 023/200  train_loss=3.82989  val_L1@15dB=2.57664
  lam=0.7500  epoch 024/200  train_loss=3.82463  val_L1@15dB=2.56567
  lam=0.7500  epoch 025/200  train_loss=3.70931  val_L1@15dB=2.54771
  lam=0.7500  epoch 026/200  train_loss=3.66026  val_L1@15dB=2.62171
  lam=0.7500  epoch 027/200  train_loss=3.71955  val_L1@15dB=2.56829
  lam=0.7500  epoch 028/200  train_loss=3.63083  val_L1@15dB=2.56036
  lam=0.7500  epoch 029/200  train_loss=3.54766  val_L1@15dB=2.54210
  lam=0.7500  epoch 030/200  train_loss=3.45611  val_L1@15dB=2.50897
  lam=0.7500  epoch 031/200  train_loss=3.53154  val_L1@15dB=2.52366
  lam=0.7500  epoch 032/200  train_loss=3.48078  val_L1@15dB=2.56944
  lam=0.7500  epoch 033/200  train_loss=3.42882  val_L1@15dB=2.55015
  lam=0.7500  epoch 034/200  train_loss=3.46601  val_L1@15dB=2.52347
  lam=0.7500  epoch 035/200  train_loss=3.35434  val_L1@15dB=2.49952
  lam=0.7500  epoch 036/200  train_loss=3.30902  val_L1@15dB=2.51276
  lam=0.7500  epoch 037/200  train_loss=3.34509  val_L1@15dB=2.51636
  lam=0.7500  epoch 038/200  train_loss=3.30612  val_L1@15dB=2.52019
  lam=0.7500  epoch 039/200  train_loss=3.33651  val_L1@15dB=2.50659
  lam=0.7500  epoch 040/200  train_loss=3.28681  val_L1@15dB=2.54245
  lam=0.7500  epoch 041/200  train_loss=3.22655  val_L1@15dB=2.48726
  lam=0.7500  epoch 042/200  train_loss=3.14516  val_L1@15dB=2.50445
  lam=0.7500  epoch 043/200  train_loss=3.14408  val_L1@15dB=2.50384
  lam=0.7500  epoch 044/200  train_loss=3.08971  val_L1@15dB=2.50229
  lam=0.7500  epoch 045/200  train_loss=3.17516  val_L1@15dB=2.53956
  lam=0.7500  epoch 046/200  train_loss=3.07745  val_L1@15dB=2.50421
  lam=0.7500  epoch 047/200  train_loss=3.02140  val_L1@15dB=2.51228
  lam=0.7500  epoch 048/200  train_loss=3.05316  val_L1@15dB=2.50936
  lam=0.7500  epoch 049/200  train_loss=3.05811  val_L1@15dB=2.50816
  lam=0.7500  epoch 050/200  train_loss=2.91053  val_L1@15dB=2.50538
  lam=0.7500  epoch 051/200  train_loss=2.89363  val_L1@15dB=2.46539
  lam=0.7500  epoch 052/200  train_loss=2.80867  val_L1@15dB=2.49751
  lam=0.7500  epoch 053/200  train_loss=2.87033  val_L1@15dB=2.53330
  lam=0.7500  epoch 054/200  train_loss=2.83798  val_L1@15dB=2.53908
  lam=0.7500  epoch 055/200  train_loss=2.80683  val_L1@15dB=2.53619
  lam=0.7500  epoch 056/200  train_loss=2.87280  val_L1@15dB=2.53993
  lam=0.7500  epoch 057/200  train_loss=2.85832  val_L1@15dB=2.50182
  lam=0.7500  epoch 058/200  train_loss=2.72990  val_L1@15dB=2.53148
  lam=0.7500  epoch 059/200  train_loss=2.75343  val_L1@15dB=2.52269
  lam=0.7500  epoch 060/200  train_loss=2.82316  val_L1@15dB=2.54742
  lam=0.7500  epoch 061/200  train_loss=2.67503  val_L1@15dB=2.47474
  lam=0.7500  epoch 062/200  train_loss=2.71290  val_L1@15dB=2.51770
  lam=0.7500  epoch 063/200  train_loss=2.72644  val_L1@15dB=2.53016
  lam=0.7500  epoch 064/200  train_loss=2.60299  val_L1@15dB=2.52933
  lam=0.7500  epoch 065/200  train_loss=2.63931  val_L1@15dB=2.51473
  lam=0.7500  epoch 066/200  train_loss=2.60132  val_L1@15dB=2.50745
  lam=0.7500  epoch 067/200  train_loss=2.69168  val_L1@15dB=2.55853
  lam=0.7500  epoch 068/200  train_loss=2.64824  val_L1@15dB=2.53394
  lam=0.7500  epoch 069/200  train_loss=2.59746  val_L1@15dB=2.53346
  lam=0.7500  epoch 070/200  train_loss=2.61180  val_L1@15dB=2.54647
  lam=0.7500  epoch 071/200  train_loss=2.62940  val_L1@15dB=2.52546
  lam=0.7500  epoch 072/200  train_loss=2.51621  val_L1@15dB=2.54848
  lam=0.7500  epoch 073/200  train_loss=2.58921  val_L1@15dB=2.53741
  lam=0.7500  epoch 074/200  train_loss=2.50260  val_L1@15dB=2.53325
  lam=0.7500  epoch 075/200  train_loss=2.47235  val_L1@15dB=2.51407
  lam=0.7500  epoch 076/200  train_loss=2.42428  val_L1@15dB=2.59436
  early stop: no val improvement for 25 epochs; stopped at epoch 76, best epoch 51
  lam=0.7500  best_ep=51  best_val=2.46539  wall=172.4s

--- padded_t0 lam = 1.5000 (3/5) ---
  lam=1.5000  epoch 001/200  train_loss=14.48074  val_L1@15dB=4.37457
  lam=1.5000  epoch 002/200  train_loss=11.77054  val_L1@15dB=4.03107
  lam=1.5000  epoch 003/200  train_loss=11.28308  val_L1@15dB=3.92432
  lam=1.5000  epoch 004/200  train_loss=9.98540  val_L1@15dB=3.58676
  lam=1.5000  epoch 005/200  train_loss=8.54149  val_L1@15dB=3.26364
  lam=1.5000  epoch 006/200  train_loss=8.00937  val_L1@15dB=3.14602
  lam=1.5000  epoch 007/200  train_loss=7.80237  val_L1@15dB=3.13602
  lam=1.5000  epoch 008/200  train_loss=7.46213  val_L1@15dB=3.04630
  lam=1.5000  epoch 009/200  train_loss=7.26405  val_L1@15dB=3.09966
  lam=1.5000  epoch 010/200  train_loss=6.80493  val_L1@15dB=2.97461
  lam=1.5000  epoch 011/200  train_loss=6.63985  val_L1@15dB=3.00532
  lam=1.5000  epoch 012/200  train_loss=6.44114  val_L1@15dB=2.94364
  lam=1.5000  epoch 013/200  train_loss=6.29564  val_L1@15dB=3.01818
  lam=1.5000  epoch 014/200  train_loss=6.19214  val_L1@15dB=3.08071
  lam=1.5000  epoch 015/200  train_loss=6.26645  val_L1@15dB=2.94236
  lam=1.5000  epoch 016/200  train_loss=5.88728  val_L1@15dB=2.87452
  lam=1.5000  epoch 017/200  train_loss=5.95217  val_L1@15dB=2.93486
  lam=1.5000  epoch 018/200  train_loss=5.88893  val_L1@15dB=2.89963
  lam=1.5000  epoch 019/200  train_loss=5.73441  val_L1@15dB=2.84042
  lam=1.5000  epoch 020/200  train_loss=5.66345  val_L1@15dB=2.85103
  lam=1.5000  epoch 021/200  train_loss=5.57381  val_L1@15dB=2.78616
  lam=1.5000  epoch 022/200  train_loss=5.46951  val_L1@15dB=2.81284
  lam=1.5000  epoch 023/200  train_loss=5.39197  val_L1@15dB=2.77952
  lam=1.5000  epoch 024/200  train_loss=5.37933  val_L1@15dB=2.77154
  lam=1.5000  epoch 025/200  train_loss=5.38648  val_L1@15dB=2.74484
  lam=1.5000  epoch 026/200  train_loss=5.21825  val_L1@15dB=2.70200
  lam=1.5000  epoch 027/200  train_loss=5.07782  val_L1@15dB=2.68024
  lam=1.5000  epoch 028/200  train_loss=5.08106  val_L1@15dB=2.70330
  lam=1.5000  epoch 029/200  train_loss=5.18781  val_L1@15dB=2.75238
  lam=1.5000  epoch 030/200  train_loss=5.03358  val_L1@15dB=2.63852
  lam=1.5000  epoch 031/200  train_loss=4.90017  val_L1@15dB=2.64396
  lam=1.5000  epoch 032/200  train_loss=4.80555  val_L1@15dB=2.60258
  lam=1.5000  epoch 033/200  train_loss=4.81738  val_L1@15dB=2.66047
  lam=1.5000  epoch 034/200  train_loss=4.68993  val_L1@15dB=2.61000
  lam=1.5000  epoch 035/200  train_loss=4.73305  val_L1@15dB=2.62859
  lam=1.5000  epoch 036/200  train_loss=4.57236  val_L1@15dB=2.59782
  lam=1.5000  epoch 037/200  train_loss=4.58374  val_L1@15dB=2.61793
  lam=1.5000  epoch 038/200  train_loss=4.67780  val_L1@15dB=2.58255
  lam=1.5000  epoch 039/200  train_loss=4.63316  val_L1@15dB=2.58868
  lam=1.5000  epoch 040/200  train_loss=4.59031  val_L1@15dB=2.57947
  lam=1.5000  epoch 041/200  train_loss=4.43645  val_L1@15dB=2.55858
  lam=1.5000  epoch 042/200  train_loss=4.65296  val_L1@15dB=2.61957
  lam=1.5000  epoch 043/200  train_loss=4.41639  val_L1@15dB=2.60254
  lam=1.5000  epoch 044/200  train_loss=4.39722  val_L1@15dB=2.58542
  lam=1.5000  epoch 045/200  train_loss=4.53494  val_L1@15dB=2.57173
  lam=1.5000  epoch 046/200  train_loss=4.30177  val_L1@15dB=2.54887
  lam=1.5000  epoch 047/200  train_loss=4.25762  val_L1@15dB=2.60102
  lam=1.5000  epoch 048/200  train_loss=4.25841  val_L1@15dB=2.55185
  lam=1.5000  epoch 049/200  train_loss=4.27597  val_L1@15dB=2.56995
  lam=1.5000  epoch 050/200  train_loss=4.23509  val_L1@15dB=2.57119
  lam=1.5000  epoch 051/200  train_loss=4.15499  val_L1@15dB=2.50835
  lam=1.5000  epoch 052/200  train_loss=4.34401  val_L1@15dB=2.57677
  lam=1.5000  epoch 053/200  train_loss=4.36984  val_L1@15dB=2.56787
  lam=1.5000  epoch 054/200  train_loss=4.16686  val_L1@15dB=2.53935
  lam=1.5000  epoch 055/200  train_loss=4.13651  val_L1@15dB=2.55102
  lam=1.5000  epoch 056/200  train_loss=4.09769  val_L1@15dB=2.54998
  lam=1.5000  epoch 057/200  train_loss=4.19810  val_L1@15dB=2.56595
  lam=1.5000  epoch 058/200  train_loss=4.08357  val_L1@15dB=2.54100
  lam=1.5000  epoch 059/200  train_loss=3.91479  val_L1@15dB=2.53318
  lam=1.5000  epoch 060/200  train_loss=3.95927  val_L1@15dB=2.53242
  lam=1.5000  epoch 061/200  train_loss=3.92837  val_L1@15dB=2.52529
  lam=1.5000  epoch 062/200  train_loss=4.00515  val_L1@15dB=2.56193
  lam=1.5000  epoch 063/200  train_loss=3.90556  val_L1@15dB=2.54287
  lam=1.5000  epoch 064/200  train_loss=3.86210  val_L1@15dB=2.53599
  lam=1.5000  epoch 065/200  train_loss=3.93954  val_L1@15dB=2.54465
  lam=1.5000  epoch 066/200  train_loss=3.81771  val_L1@15dB=2.52289
  lam=1.5000  epoch 067/200  train_loss=3.86923  val_L1@15dB=2.55347
  lam=1.5000  epoch 068/200  train_loss=3.82970  val_L1@15dB=2.53317
  lam=1.5000  epoch 069/200  train_loss=3.75581  val_L1@15dB=2.54861
  lam=1.5000  epoch 070/200  train_loss=3.80570  val_L1@15dB=2.55629
  lam=1.5000  epoch 071/200  train_loss=3.81099  val_L1@15dB=2.55752
  lam=1.5000  epoch 072/200  train_loss=3.82545  val_L1@15dB=2.53649
  lam=1.5000  epoch 073/200  train_loss=3.73196  val_L1@15dB=2.53544
  lam=1.5000  epoch 074/200  train_loss=3.74874  val_L1@15dB=2.52593
  lam=1.5000  epoch 075/200  train_loss=3.82734  val_L1@15dB=2.54904
  lam=1.5000  epoch 076/200  train_loss=3.69764  val_L1@15dB=2.54799
  early stop: no val improvement for 25 epochs; stopped at epoch 76, best epoch 51
  lam=1.5000  best_ep=51  best_val=2.50835  wall=170.9s

--- padded_t0 lam = 2.2500 (4/5) ---
  lam=2.2500  epoch 001/200  train_loss=18.12552  val_L1@15dB=4.39842
  lam=2.2500  epoch 002/200  train_loss=15.38038  val_L1@15dB=4.28548
  lam=2.2500  epoch 003/200  train_loss=13.83303  val_L1@15dB=3.89802
  lam=2.2500  epoch 004/200  train_loss=11.28050  val_L1@15dB=3.41329
  lam=2.2500  epoch 005/200  train_loss=10.65323  val_L1@15dB=3.21358
  lam=2.2500  epoch 006/200  train_loss=9.75632  val_L1@15dB=3.19459
  lam=2.2500  epoch 007/200  train_loss=9.21439  val_L1@15dB=3.13110
  lam=2.2500  epoch 008/200  train_loss=8.82693  val_L1@15dB=3.08081
  lam=2.2500  epoch 009/200  train_loss=8.31819  val_L1@15dB=3.03664
  lam=2.2500  epoch 010/200  train_loss=8.25328  val_L1@15dB=3.03612
  lam=2.2500  epoch 011/200  train_loss=8.00391  val_L1@15dB=3.02808
  lam=2.2500  epoch 012/200  train_loss=7.67048  val_L1@15dB=2.96920
  lam=2.2500  epoch 013/200  train_loss=7.56298  val_L1@15dB=2.96414
  lam=2.2500  epoch 014/200  train_loss=7.43646  val_L1@15dB=2.99981
  lam=2.2500  epoch 015/200  train_loss=7.29131  val_L1@15dB=2.91227
  lam=2.2500  epoch 016/200  train_loss=7.14789  val_L1@15dB=2.87788
  lam=2.2500  epoch 017/200  train_loss=7.03728  val_L1@15dB=2.87151
  lam=2.2500  epoch 018/200  train_loss=6.98514  val_L1@15dB=2.84638
  lam=2.2500  epoch 019/200  train_loss=6.69755  val_L1@15dB=2.88039
  lam=2.2500  epoch 020/200  train_loss=6.51884  val_L1@15dB=2.85216
  lam=2.2500  epoch 021/200  train_loss=6.42039  val_L1@15dB=2.79965
  lam=2.2500  epoch 022/200  train_loss=6.41833  val_L1@15dB=2.78042
  lam=2.2500  epoch 023/200  train_loss=6.43670  val_L1@15dB=2.86314
  lam=2.2500  epoch 024/200  train_loss=6.02717  val_L1@15dB=2.75380
  lam=2.2500  epoch 025/200  train_loss=6.05662  val_L1@15dB=2.77898
  lam=2.2500  epoch 026/200  train_loss=5.92185  val_L1@15dB=2.76522
  lam=2.2500  epoch 027/200  train_loss=5.86598  val_L1@15dB=2.73335
  lam=2.2500  epoch 028/200  train_loss=5.95146  val_L1@15dB=2.77568
  lam=2.2500  epoch 029/200  train_loss=5.76953  val_L1@15dB=2.70535
  lam=2.2500  epoch 030/200  train_loss=5.79762  val_L1@15dB=2.75230
  lam=2.2500  epoch 031/200  train_loss=5.64769  val_L1@15dB=2.76173
  lam=2.2500  epoch 032/200  train_loss=5.61875  val_L1@15dB=2.70206
  lam=2.2500  epoch 033/200  train_loss=5.59266  val_L1@15dB=2.72649
  lam=2.2500  epoch 034/200  train_loss=5.98909  val_L1@15dB=2.68403
  lam=2.2500  epoch 035/200  train_loss=5.38696  val_L1@15dB=2.69329
  lam=2.2500  epoch 036/200  train_loss=5.36036  val_L1@15dB=2.65402
  lam=2.2500  epoch 037/200  train_loss=5.52674  val_L1@15dB=2.67154
  lam=2.2500  epoch 038/200  train_loss=5.26417  val_L1@15dB=2.64218
  lam=2.2500  epoch 039/200  train_loss=5.30368  val_L1@15dB=2.66076
  lam=2.2500  epoch 040/200  train_loss=5.24477  val_L1@15dB=2.68085
  lam=2.2500  epoch 041/200  train_loss=5.31498  val_L1@15dB=2.65031
  lam=2.2500  epoch 042/200  train_loss=5.19026  val_L1@15dB=2.65877
  lam=2.2500  epoch 043/200  train_loss=5.11222  val_L1@15dB=2.62685
  lam=2.2500  epoch 044/200  train_loss=5.00775  val_L1@15dB=2.63367
  lam=2.2500  epoch 045/200  train_loss=5.16463  val_L1@15dB=2.66074
  lam=2.2500  epoch 046/200  train_loss=5.19208  val_L1@15dB=2.64325
  lam=2.2500  epoch 047/200  train_loss=5.06127  val_L1@15dB=2.62806
  lam=2.2500  epoch 048/200  train_loss=4.99554  val_L1@15dB=2.62430
  lam=2.2500  epoch 049/200  train_loss=4.83903  val_L1@15dB=2.61417
  lam=2.2500  epoch 050/200  train_loss=4.75681  val_L1@15dB=2.59684
  lam=2.2500  epoch 051/200  train_loss=4.84602  val_L1@15dB=2.58480
  lam=2.2500  epoch 052/200  train_loss=4.77622  val_L1@15dB=2.61780
  lam=2.2500  epoch 053/200  train_loss=4.77995  val_L1@15dB=2.62365
  lam=2.2500  epoch 054/200  train_loss=4.77725  val_L1@15dB=2.59917
  lam=2.2500  epoch 055/200  train_loss=4.71057  val_L1@15dB=2.59239
  lam=2.2500  epoch 056/200  train_loss=4.75275  val_L1@15dB=2.62177
  lam=2.2500  epoch 057/200  train_loss=4.68650  val_L1@15dB=2.59521
  lam=2.2500  epoch 058/200  train_loss=4.84414  val_L1@15dB=2.61420
  lam=2.2500  epoch 059/200  train_loss=4.75419  val_L1@15dB=2.60047
  lam=2.2500  epoch 060/200  train_loss=4.64601  val_L1@15dB=2.58962
  lam=2.2500  epoch 061/200  train_loss=4.71604  val_L1@15dB=2.57025
  lam=2.2500  epoch 062/200  train_loss=4.52446  val_L1@15dB=2.56992
  lam=2.2500  epoch 063/200  train_loss=4.55967  val_L1@15dB=2.57728
  lam=2.2500  epoch 064/200  train_loss=4.60661  val_L1@15dB=2.55592
  lam=2.2500  epoch 065/200  train_loss=4.67848  val_L1@15dB=2.60400
  lam=2.2500  epoch 066/200  train_loss=4.62021  val_L1@15dB=2.58575
  lam=2.2500  epoch 067/200  train_loss=4.55008  val_L1@15dB=2.59665
  lam=2.2500  epoch 068/200  train_loss=4.47805  val_L1@15dB=2.57677
  lam=2.2500  epoch 069/200  train_loss=4.50729  val_L1@15dB=2.54417
  lam=2.2500  epoch 070/200  train_loss=4.73409  val_L1@15dB=2.63095
  lam=2.2500  epoch 071/200  train_loss=4.61821  val_L1@15dB=2.59515
  lam=2.2500  epoch 072/200  train_loss=4.51414  val_L1@15dB=2.61282
  lam=2.2500  epoch 073/200  train_loss=4.36396  val_L1@15dB=2.56169
  lam=2.2500  epoch 074/200  train_loss=4.65275  val_L1@15dB=2.62117
  lam=2.2500  epoch 075/200  train_loss=4.74531  val_L1@15dB=2.55617
  lam=2.2500  epoch 076/200  train_loss=4.56203  val_L1@15dB=2.57102
  lam=2.2500  epoch 077/200  train_loss=4.39745  val_L1@15dB=2.56572
  lam=2.2500  epoch 078/200  train_loss=4.40640  val_L1@15dB=2.58914
  lam=2.2500  epoch 079/200  train_loss=4.49236  val_L1@15dB=2.58489
  lam=2.2500  epoch 080/200  train_loss=4.29265  val_L1@15dB=2.57363
  lam=2.2500  epoch 081/200  train_loss=4.24652  val_L1@15dB=2.58076
  lam=2.2500  epoch 082/200  train_loss=4.19376  val_L1@15dB=2.55999
  lam=2.2500  epoch 083/200  train_loss=4.36572  val_L1@15dB=2.55947
  lam=2.2500  epoch 084/200  train_loss=4.16866  val_L1@15dB=2.56695
  lam=2.2500  epoch 085/200  train_loss=4.18313  val_L1@15dB=2.58963
  lam=2.2500  epoch 086/200  train_loss=4.18038  val_L1@15dB=2.54543
  lam=2.2500  epoch 087/200  train_loss=4.13196  val_L1@15dB=2.59784
  lam=2.2500  epoch 088/200  train_loss=4.13480  val_L1@15dB=2.57599
  lam=2.2500  epoch 089/200  train_loss=4.22853  val_L1@15dB=2.55385
  lam=2.2500  epoch 090/200  train_loss=4.27640  val_L1@15dB=2.56729
  lam=2.2500  epoch 091/200  train_loss=4.24338  val_L1@15dB=2.58374
  lam=2.2500  epoch 092/200  train_loss=4.28184  val_L1@15dB=2.55534
  lam=2.2500  epoch 093/200  train_loss=4.19805  val_L1@15dB=2.57127
  lam=2.2500  epoch 094/200  train_loss=4.18435  val_L1@15dB=2.55040
  early stop: no val improvement for 25 epochs; stopped at epoch 94, best epoch 69
  lam=2.2500  best_ep=69  best_val=2.54417  wall=211.2s

--- padded_t0 lam = 3.0000 (5/5) ---
  lam=3.0000  epoch 001/200  train_loss=24.44714  val_L1@15dB=5.18746
  lam=3.0000  epoch 002/200  train_loss=19.34909  val_L1@15dB=4.28009
  lam=3.0000  epoch 003/200  train_loss=18.63150  val_L1@15dB=4.45980
  lam=3.0000  epoch 004/200  train_loss=16.82933  val_L1@15dB=4.09867
  lam=3.0000  epoch 005/200  train_loss=14.12325  val_L1@15dB=3.82170
  lam=3.0000  epoch 006/200  train_loss=13.49883  val_L1@15dB=3.69396
  lam=3.0000  epoch 007/200  train_loss=12.98496  val_L1@15dB=3.50444
  lam=3.0000  epoch 008/200  train_loss=12.69766  val_L1@15dB=3.45882
  lam=3.0000  epoch 009/200  train_loss=11.77097  val_L1@15dB=3.38064
  lam=3.0000  epoch 010/200  train_loss=11.19487  val_L1@15dB=3.32186
  lam=3.0000  epoch 011/200  train_loss=10.55615  val_L1@15dB=3.24129
  lam=3.0000  epoch 012/200  train_loss=10.18906  val_L1@15dB=3.18634
  lam=3.0000  epoch 013/200  train_loss=9.86156  val_L1@15dB=3.13056
  lam=3.0000  epoch 014/200  train_loss=9.56731  val_L1@15dB=3.11142
  lam=3.0000  epoch 015/200  train_loss=9.44071  val_L1@15dB=3.15475
  lam=3.0000  epoch 016/200  train_loss=9.25896  val_L1@15dB=3.07129
  lam=3.0000  epoch 017/200  train_loss=8.81837  val_L1@15dB=3.03118
  lam=3.0000  epoch 018/200  train_loss=8.79948  val_L1@15dB=3.02700
  lam=3.0000  epoch 019/200  train_loss=8.61531  val_L1@15dB=3.02343
  lam=3.0000  epoch 020/200  train_loss=8.35432  val_L1@15dB=2.98055
  lam=3.0000  epoch 021/200  train_loss=8.28501  val_L1@15dB=2.99448
  lam=3.0000  epoch 022/200  train_loss=8.21283  val_L1@15dB=2.95825
  lam=3.0000  epoch 023/200  train_loss=7.93333  val_L1@15dB=2.98101
  lam=3.0000  epoch 024/200  train_loss=7.71301  val_L1@15dB=2.91434
  lam=3.0000  epoch 025/200  train_loss=7.46209  val_L1@15dB=2.86487
  lam=3.0000  epoch 026/200  train_loss=7.37794  val_L1@15dB=2.88845
  lam=3.0000  epoch 027/200  train_loss=7.40554  val_L1@15dB=2.84546
  lam=3.0000  epoch 028/200  train_loss=7.31451  val_L1@15dB=2.90120
  lam=3.0000  epoch 029/200  train_loss=7.35616  val_L1@15dB=2.83538
  lam=3.0000  epoch 030/200  train_loss=7.04874  val_L1@15dB=2.84919
  lam=3.0000  epoch 031/200  train_loss=6.98381  val_L1@15dB=2.79064
  lam=3.0000  epoch 032/200  train_loss=6.84158  val_L1@15dB=2.81463
  lam=3.0000  epoch 033/200  train_loss=7.23377  val_L1@15dB=2.79767
  lam=3.0000  epoch 034/200  train_loss=7.04047  val_L1@15dB=2.84129
  lam=3.0000  epoch 035/200  train_loss=6.72967  val_L1@15dB=2.78154
  lam=3.0000  epoch 036/200  train_loss=6.49345  val_L1@15dB=2.75451
  lam=3.0000  epoch 037/200  train_loss=6.39904  val_L1@15dB=2.73280
  lam=3.0000  epoch 038/200  train_loss=6.47418  val_L1@15dB=2.77100
  lam=3.0000  epoch 039/200  train_loss=6.42300  val_L1@15dB=2.72963
  lam=3.0000  epoch 040/200  train_loss=6.39353  val_L1@15dB=2.68844
  lam=3.0000  epoch 041/200  train_loss=6.37369  val_L1@15dB=2.73678
  lam=3.0000  epoch 042/200  train_loss=6.17903  val_L1@15dB=2.74906
  lam=3.0000  epoch 043/200  train_loss=6.25670  val_L1@15dB=2.70907
  lam=3.0000  epoch 044/200  train_loss=6.13062  val_L1@15dB=2.71631
  lam=3.0000  epoch 045/200  train_loss=6.10575  val_L1@15dB=2.68854
  lam=3.0000  epoch 046/200  train_loss=6.10065  val_L1@15dB=2.67847
  lam=3.0000  epoch 047/200  train_loss=6.12459  val_L1@15dB=2.70683
  lam=3.0000  epoch 048/200  train_loss=5.83923  val_L1@15dB=2.69148
  lam=3.0000  epoch 049/200  train_loss=5.85021  val_L1@15dB=2.68659
  lam=3.0000  epoch 050/200  train_loss=6.06743  val_L1@15dB=2.73473
  lam=3.0000  epoch 051/200  train_loss=6.03945  val_L1@15dB=2.66697
  lam=3.0000  epoch 052/200  train_loss=5.77898  val_L1@15dB=2.67480
  lam=3.0000  epoch 053/200  train_loss=5.79314  val_L1@15dB=2.70711
  lam=3.0000  epoch 054/200  train_loss=5.84198  val_L1@15dB=2.67591
  lam=3.0000  epoch 055/200  train_loss=5.82797  val_L1@15dB=2.68404
  lam=3.0000  epoch 056/200  train_loss=5.85337  val_L1@15dB=2.69782
  lam=3.0000  epoch 057/200  train_loss=5.56114  val_L1@15dB=2.68117
  lam=3.0000  epoch 058/200  train_loss=5.66336  val_L1@15dB=2.66359
  lam=3.0000  epoch 059/200  train_loss=6.00034  val_L1@15dB=2.71247
  lam=3.0000  epoch 060/200  train_loss=5.70072  val_L1@15dB=2.69021
  lam=3.0000  epoch 061/200  train_loss=5.66088  val_L1@15dB=2.67029
  lam=3.0000  epoch 062/200  train_loss=5.42351  val_L1@15dB=2.65432
  lam=3.0000  epoch 063/200  train_loss=5.37734  val_L1@15dB=2.64970
  lam=3.0000  epoch 064/200  train_loss=5.52454  val_L1@15dB=2.66622
  lam=3.0000  epoch 065/200  train_loss=5.52043  val_L1@15dB=2.68609
  lam=3.0000  epoch 066/200  train_loss=5.49562  val_L1@15dB=2.64732
  lam=3.0000  epoch 067/200  train_loss=5.44106  val_L1@15dB=2.63312
  lam=3.0000  epoch 068/200  train_loss=5.37956  val_L1@15dB=2.61976
  lam=3.0000  epoch 069/200  train_loss=5.34407  val_L1@15dB=2.66176
  lam=3.0000  epoch 070/200  train_loss=5.23292  val_L1@15dB=2.65132
  lam=3.0000  epoch 071/200  train_loss=5.24289  val_L1@15dB=2.63094
  lam=3.0000  epoch 072/200  train_loss=5.21931  val_L1@15dB=2.65200
  lam=3.0000  epoch 073/200  train_loss=5.48509  val_L1@15dB=2.67381
  lam=3.0000  epoch 074/200  train_loss=5.44745  val_L1@15dB=2.63147
  lam=3.0000  epoch 075/200  train_loss=5.54834  val_L1@15dB=2.63870
  lam=3.0000  epoch 076/200  train_loss=5.35954  val_L1@15dB=2.63865
  lam=3.0000  epoch 077/200  train_loss=5.22614  val_L1@15dB=2.62535
  lam=3.0000  epoch 078/200  train_loss=5.12518  val_L1@15dB=2.62678
  lam=3.0000  epoch 079/200  train_loss=5.16320  val_L1@15dB=2.64683
  lam=3.0000  epoch 080/200  train_loss=5.05774  val_L1@15dB=2.64991
  lam=3.0000  epoch 081/200  train_loss=5.82878  val_L1@15dB=2.61822
  lam=3.0000  epoch 082/200  train_loss=5.34623  val_L1@15dB=2.62297
  lam=3.0000  epoch 083/200  train_loss=5.23823  val_L1@15dB=2.64368
  lam=3.0000  epoch 084/200  train_loss=4.91583  val_L1@15dB=2.60665
  lam=3.0000  epoch 085/200  train_loss=5.17493  val_L1@15dB=2.63983
  lam=3.0000  epoch 086/200  train_loss=5.09352  val_L1@15dB=2.62554
  lam=3.0000  epoch 087/200  train_loss=5.06551  val_L1@15dB=2.60762
  lam=3.0000  epoch 088/200  train_loss=5.08548  val_L1@15dB=2.60666
  lam=3.0000  epoch 089/200  train_loss=5.04200  val_L1@15dB=2.64590
  lam=3.0000  epoch 090/200  train_loss=4.91511  val_L1@15dB=2.61755
  lam=3.0000  epoch 091/200  train_loss=5.03491  val_L1@15dB=2.61684
  lam=3.0000  epoch 092/200  train_loss=5.00313  val_L1@15dB=2.62430
  lam=3.0000  epoch 093/200  train_loss=4.99978  val_L1@15dB=2.61050
  lam=3.0000  epoch 094/200  train_loss=5.04598  val_L1@15dB=2.59711
  lam=3.0000  epoch 095/200  train_loss=4.77990  val_L1@15dB=2.60967
  lam=3.0000  epoch 096/200  train_loss=5.03923  val_L1@15dB=2.59136
  lam=3.0000  epoch 097/200  train_loss=5.15812  val_L1@15dB=2.60836
  lam=3.0000  epoch 098/200  train_loss=4.80562  val_L1@15dB=2.60505
  lam=3.0000  epoch 099/200  train_loss=4.69715  val_L1@15dB=2.61457
  lam=3.0000  epoch 100/200  train_loss=4.73934  val_L1@15dB=2.59912
  lam=3.0000  epoch 101/200  train_loss=4.82064  val_L1@15dB=2.58734
  lam=3.0000  epoch 102/200  train_loss=4.78539  val_L1@15dB=2.60171
  lam=3.0000  epoch 103/200  train_loss=4.89194  val_L1@15dB=2.62876
  lam=3.0000  epoch 104/200  train_loss=4.75098  val_L1@15dB=2.59613
  lam=3.0000  epoch 105/200  train_loss=4.86534  val_L1@15dB=2.60935
  lam=3.0000  epoch 106/200  train_loss=4.76677  val_L1@15dB=2.61204
  lam=3.0000  epoch 107/200  train_loss=4.78274  val_L1@15dB=2.61091
  lam=3.0000  epoch 108/200  train_loss=5.06220  val_L1@15dB=2.61048
  lam=3.0000  epoch 109/200  train_loss=4.70477  val_L1@15dB=2.61176
  lam=3.0000  epoch 110/200  train_loss=4.71695  val_L1@15dB=2.61982
  lam=3.0000  epoch 111/200  train_loss=4.75211  val_L1@15dB=2.61357
  lam=3.0000  epoch 112/200  train_loss=4.69617  val_L1@15dB=2.60715
  lam=3.0000  epoch 113/200  train_loss=4.81471  val_L1@15dB=2.59287
  lam=3.0000  epoch 114/200  train_loss=4.68711  val_L1@15dB=2.59884
  lam=3.0000  epoch 115/200  train_loss=4.58980  val_L1@15dB=2.61054
  lam=3.0000  epoch 116/200  train_loss=4.69133  val_L1@15dB=2.60981
  lam=3.0000  epoch 117/200  train_loss=4.54668  val_L1@15dB=2.58351
  lam=3.0000  epoch 118/200  train_loss=4.56023  val_L1@15dB=2.58503
  lam=3.0000  epoch 119/200  train_loss=4.74089  val_L1@15dB=2.60226
  lam=3.0000  epoch 120/200  train_loss=4.52369  val_L1@15dB=2.60848
  lam=3.0000  epoch 121/200  train_loss=4.66095  val_L1@15dB=2.59281
  lam=3.0000  epoch 122/200  train_loss=4.49959  val_L1@15dB=2.60807
  lam=3.0000  epoch 123/200  train_loss=4.46436  val_L1@15dB=2.59639
  lam=3.0000  epoch 124/200  train_loss=4.54158  val_L1@15dB=2.59019
  lam=3.0000  epoch 125/200  train_loss=4.86930  val_L1@15dB=2.62305
  lam=3.0000  epoch 126/200  train_loss=4.49641  val_L1@15dB=2.61576
  lam=3.0000  epoch 127/200  train_loss=4.55269  val_L1@15dB=2.62485
  lam=3.0000  epoch 128/200  train_loss=4.69404  val_L1@15dB=2.61331
  lam=3.0000  epoch 129/200  train_loss=4.53378  val_L1@15dB=2.58128
  lam=3.0000  epoch 130/200  train_loss=4.37298  val_L1@15dB=2.58857
  lam=3.0000  epoch 131/200  train_loss=4.58362  val_L1@15dB=2.59637
  lam=3.0000  epoch 132/200  train_loss=4.63023  val_L1@15dB=2.60760
  lam=3.0000  epoch 133/200  train_loss=4.57271  val_L1@15dB=2.59635
  lam=3.0000  epoch 134/200  train_loss=4.46449  val_L1@15dB=2.58829
  lam=3.0000  epoch 135/200  train_loss=4.61107  val_L1@15dB=2.59712
  lam=3.0000  epoch 136/200  train_loss=4.39298  val_L1@15dB=2.57672
  lam=3.0000  epoch 137/200  train_loss=4.44823  val_L1@15dB=2.59141
  lam=3.0000  epoch 138/200  train_loss=4.54495  val_L1@15dB=2.58335
  lam=3.0000  epoch 139/200  train_loss=4.51436  val_L1@15dB=2.60283
  lam=3.0000  epoch 140/200  train_loss=4.45552  val_L1@15dB=2.59302
  lam=3.0000  epoch 141/200  train_loss=4.31538  val_L1@15dB=2.59510
  lam=3.0000  epoch 142/200  train_loss=4.56240  val_L1@15dB=2.59295
  lam=3.0000  epoch 143/200  train_loss=4.36848  val_L1@15dB=2.59090
  lam=3.0000  epoch 144/200  train_loss=4.20950  val_L1@15dB=2.58839
  lam=3.0000  epoch 145/200  train_loss=4.43232  val_L1@15dB=2.58930
  lam=3.0000  epoch 146/200  train_loss=4.58229  val_L1@15dB=2.58150
  lam=3.0000  epoch 147/200  train_loss=4.39117  val_L1@15dB=2.58172
  lam=3.0000  epoch 148/200  train_loss=4.48875  val_L1@15dB=2.60871
  lam=3.0000  epoch 149/200  train_loss=4.44642  val_L1@15dB=2.61121
  lam=3.0000  epoch 150/200  train_loss=4.41771  val_L1@15dB=2.59885
  lam=3.0000  epoch 151/200  train_loss=4.44253  val_L1@15dB=2.59991
  lam=3.0000  epoch 152/200  train_loss=4.90331  val_L1@15dB=2.59678
  lam=3.0000  epoch 153/200  train_loss=4.55726  val_L1@15dB=2.58372
  lam=3.0000  epoch 154/200  train_loss=4.43988  val_L1@15dB=2.59371
  lam=3.0000  epoch 155/200  train_loss=4.44314  val_L1@15dB=2.58095
  lam=3.0000  epoch 156/200  train_loss=4.47956  val_L1@15dB=2.61939
  lam=3.0000  epoch 157/200  train_loss=4.45427  val_L1@15dB=2.59216
  lam=3.0000  epoch 158/200  train_loss=4.27685  val_L1@15dB=2.58863
  lam=3.0000  epoch 159/200  train_loss=4.29234  val_L1@15dB=2.58796
  lam=3.0000  epoch 160/200  train_loss=4.25606  val_L1@15dB=2.58849
  lam=3.0000  epoch 161/200  train_loss=4.38899  val_L1@15dB=2.57892
  early stop: no val improvement for 25 epochs; stopped at epoch 161, best epoch 136
  lam=3.0000  best_ep=136  best_val=2.57672  wall=362.3s

[padded_t0] lambda* = 0.7500  (best val L1 = 2.46539)
[padded_t0] baseline λ = 0.0000  (best val L1 = 2.53702)

===== ABLATION SUMMARY =====
Exp A cached: λ*=1.50  val*=2.5332  λ0=2.6390
plain_t0        λ*=0.75  val*=2.5578  λ0=2.6251  | Exp A control: plain FROGNet + t0
padded_tstar    λ*=0.00  val*=3.0023  λ0=3.0023  | full new pipeline: padded FROG + t*
plain_tstar     λ*=0.00  val*=3.0897  λ0=3.0897  | t* only (plain FROG)
padded_t0       λ*=0.75  val*=2.4654  λ0=2.5370  | padded FROG only (t0)
Wrote D:\Haim\Haim 3rd paper\Ultra-Fast project\src\checkpoints\benchmark\exp_a_prime_diagnostics\exp_a_pipeline_ablation_summary.json
