{
  "snr_db": [
    -10.0,
    -5.0,
    0.0,
    5.0,
    10.0,
    15.0,
    20.0,
    25.0,
    30.0
  ],
  "pcgpa_de_mean": [
    0.7443744491925833,
    0.6309531391675686,
    0.5300472759151406,
    0.4563434891311924,
    0.385503691136328,
    0.3311934031095089,
    0.32794035190548343,
    0.2968694345880755,
    0.31980064499499283
  ],
  "pcgpa_de_std": [
    0.08219415491460705,
    0.09002963147196454,
    0.09174013145806939,
    0.08520778831534416,
    0.10315814268463723,
    0.08993364192310907,
    0.12480957089776078,
    0.07469882779685642,
    0.11882562730103567
  ],
  "cnn_de_mean": [
    0.7277895503211766,
    0.5968407692271285,
    0.553924579260638,
    0.5292786351055838,
    0.5233953819551971,
    0.5212230634351727,
    0.5205606851377524,
    0.5204633786052,
    0.5203434490249492
  ],
  "cnn_de_std": [
    0.23714380622857192,
    0.24309937572145923,
    0.2526502435254836,
    0.25167320642120905,
    0.25407133648984703,
    0.25299462184660876,
    0.25382965900718113,
    0.25387977530398026,
    0.2539310688937043
  ],
  "pcgpa_n_test": 32,
  "pcgpa_maxiter": 200,
  "pcgpa_n_restarts": 3
}